labels,,1,10111,10129985,1014,102175,10219774,1029,1066,107461,107738,107812,1088,109,10917,111,111299,1123,11361,1145,115244,11673055,1176,11862129,1196,122356,123831,126041,12665,126894,128145,132680,134,134508,150914,151023,158980,161166,16133137,164642,165527,1670,168379,1826,190,196,2148,227939,22833596,232,239,24415,247,2519,25200879,259321,27476,3032311,305,3080590,322640,333293,33741,3676,3744,3845,4091,4099799,4247235,439176,439197,439258,439378,439498,439829,440103,440120,441447,442106,500,5202,5233914,5255,5284627,53481617,53481628,5429,557,5570,5699,5862,588,5961,5962,6057,60961,6106,611,6137,6140,6262,6274,6287,6288,6305,6306,6426851,6426901,64956,65095,65254,673,67427,67678,68374,69698,69961,7015683,7017195,7028,70630,71464488,736715,7408076,74706,750,754,75810,854019,9085,92258,92865,92919,93072,93176,936,96215,97417,97856,9815514,98280,9903482,99715
Ulcerative Colitis,,285488928.0,,1275806.0,2523084.0000,,,487661.0000,460928.0,,6426760.0,4712584.0,,557903.0000,1227454720.0,445229.0000,499369.0,208507264.0,3422206.0,24675880.0,166236320.0000,10850371.0,335771392.0,6291109.0000,,1014715.0,57648972.0,205294.0000,172468112.0,,308726.0000,121737.0000,22707444.0,63978628.0,47213808.0,1641520.0,4638783.0,14801652.0,284782.0000,,9107463.0,1199687.0,1581097.0,158102.0000,960707.0,2490504.0000,,,276210.0000,639496384.0,,5759535.0000,499291520.0,10693741.0000,,931617.0000,2658940.0,2921590.0,221309856.0,,351166.0000,2042670.0,,186957888.0000,284965.0000,1076350.0,,758986.0,13680489.0000,143243.0000,1578657.0,,204453.0000,,4493143.0,3675871.0000,13785318.0,,9472985.0,270348.0000,3100647.0000,,,,4826265.0000,,1446419.0000,7123395.0000,6280933.0,145352.0000,2149253.0,320351552.0,2810441216.0,438008032.0,265740400.0,254444.0000,589127744.0,230395072.0,346335168.0,975777408.0,202341568.0,565672320.0,859710208.0,411466432.0,425621280.0,509436832.0,3243178.0,1957229.0,18320798.0,371472.0000,853725.0,31863900.0000,786442.0000,57853872.0,,2600645.0000,926304.0000,,,,545319.0000,746615.0,5763610.0,204955.0000,218248.0000,190505088.0000,489521.0,990891.0000,,30376274.0,1726239.0,,331964.0000,490842.0000,1447188.0,7975766.0000,,,,,,887150.0,876596.0000
healthy,,547067712.0,155508.0000,803352.0,1883468.0000,243793.0000,,978078.0000,1407072.0,228646.0000,27595780.0,3116956.0,2303875.0000,383518.0000,2336422912.0,,1109212.0,219104192.0,6493049.0,30901944.0,6253530.0000,17471422.0,317658304.0,11999880.0000,1617670.0000,2673132.0,66603864.0,931696.0000,192097408.0,,1874821.0000,,41884704.0,101703352.0,43875232.0,2582121.0,4343131.0,40080876.0,316924.0000,,5222296.0,2450961.0,6654861.0,363565.0000,2904528.0,489367.0000,,1836203.0000,,728536704.0,8980835.0000,,597259200.0,39408876.0000,101482.0000,2197317.0000,4166372.0,6268415.0,254039184.0,82111.0000,204243.0000,2756750.0,,,694296.0000,2630146.0,,879776.0,5637698.0000,1093472.0000,2332179.0,740782.0000,3320379.0000,2868423.0000,16323641.0,7708536.0000,20727164.0,2315911.0000,45628392.0,364726.0000,404976.0000,,,,2353087.0000,146004.0000,4999224.0000,2372946.0000,1660463.0,189593.0000,4591830.0,634215872.0,2097588224.0,657607872.0,440366336.0,318588.0000,679613440.0,636886016.0,391944576.0,1262355456.0,234259424.0,577703936.0,1142625408.0,453105824.0,678842432.0,620275008.0,9729207.0,5443176.0,25248584.0,,1798297.0,19031208.0000,3109898.0000,69793456.0,230370.0000,7611654.0000,514861.0000,4756656.0000,455160.0000,,450748.0000,2728739.0,3703305.0,1108042.0000,670989.0000,100187712.0000,313726.0,2285003.0000,,64786364.0,22577436.0,135554.0000,802411.0000,482261.0000,2978913.0,5579540.0000,427002.0000,237663.0000,,,,3481732.0,1100201.0000
Ulcerative Colitis,,42673208.0,81779.0000,3246161.0,2953059.0000,,,373164.0000,458842.0,147661.0000,4117795.0,3376506.0,1176188.0000,,1134857472.0,583854.0000,352996.0,121573392.0,3538538.0,21388348.0,10473921.0000,6945561.0,146890784.0,1662320.0000,960275.0000,725832.0,41452592.0,380222.0000,85258184.0,,290911.0000,139879.0000,14910681.0,115680336.0,20625068.0,838926.0,3420732.0,14170764.0,561585.0000,,2944728.0,991814.0,862827.0,161449.0000,1176024.0,,,1004283.0000,,618605312.0,11227292.0000,20953276.0000,469049504.0,22111354.0000,,524730.0000,2738382.0,298063.0,193906720.0,,143597.0000,1399289.0,,608485760.0000,1210497.0000,727623.0,,194598.0,3241227.0000,299039.0000,1455420.0,,3204732.0000,1167038.0000,2683514.0,3069201.0000,16837926.0,1905350.0000,7181316.0,,367731.0000,,,,395821.0000,89619.0000,8394079.0000,3323578.0000,11877525.0,,1656955.0,248192160.0,2014294016.0,399467456.0,197688304.0,245476.0000,407475872.0,72046352.0,196009952.0,772677888.0,126315792.0,555264960.0,604135936.0,177620240.0,359010720.0,356329600.0,1144970.0,1699774.0,11313164.0,260849.0000,654023.0,15916914.0000,,32919878.0,341592.0000,,652086.0000,1405578.0000,264426.0000,,195854.0000,798775.0,1131880.0,285934.0000,77949.0000,65455184.0000,415389.0,574688.0000,,25284720.0,4222300.0,,217879.0000,,3042655.0,3706746.0000,,,,,140750.0000,1153066.0,451950.0000
Ulcerative Colitis,46065.0000,247353360.0,50537.0000,997693.0,1170110.0000,,,488002.0000,517404.0,,12694455.0,1505535.0,1529588.0000,159935.0000,1492755968.0,,502351.0,123368816.0,2400370.0,16341988.0,45039508.0000,7745852.0,271024928.0,,,573832.0,49223220.0,1321143.0000,92137352.0,,362576.0000,74894.0000,29000436.0,222304000.0,19842534.0,2319379.0,2774332.0,20816884.0,94197.0000,,2440881.0,790604.0,3300558.0,,877329.0,,,,314781.0000,575376896.0,3548966.0000,,601069504.0,21275052.0000,,1129257.0000,3085432.0,240293.0,106128328.0,,,1155468.0,,,6915503.0000,2155759.0,,69887.0,1988268.0000,313202.0000,1292813.0,,,1201575.0000,4747211.0,2784371.0000,10775520.0,4944775.0000,11683182.0,440016.0000,12347629.0000,,,,4405413.0000,,11306593.0000,4901568.0000,37292724.0,257721.0000,6027086.0,523804704.0,1894119168.0,393426112.0,188078096.0,295030.0000,812485696.0,178616704.0,188926768.0,878073344.0,179062784.0,522996160.0,1115515008.0,268757600.0,534704128.0,656137344.0,7979855.0,3731056.0,10701013.0,,931172.0,16132265.0000,1217770.0000,24535308.0,780098.0000,8343991.0000,991616.0000,2844096.0000,324544.0000,,140149.0000,2864929.0,2963067.0,356715.0000,189313.0000,53057012.0000,336063.0,576902.0000,,22855412.0,7671599.0,,274661.0000,,6680177.0,,408310.0000,,,,837058.0000,3321534.0,836867.0000
Ulcerative Colitis,,142549344.0,89533.0000,3408157.0,5188429.0000,,,525378.0000,938931.0,208945.0000,9543047.0,6453435.0,1410333.0000,219616.0000,1483694208.0,1046310.0000,632539.0,165143120.0,5776137.0,637769.0,336503648.0000,9219711.0,235978672.0,3072467.0000,1107244.0000,1781011.0,59483496.0,35014.0000,80178312.0,,427187.0000,79311.0000,28561906.0,70379224.0,20684580.0,1985343.0,3530641.0,26067288.0,115251.0000,326457.0000,5031380.0,1716658.0,1079717.0,324421.0000,1034317.0,224745.0000,,1399554.0000,403661.0000,512866176.0,10858702.0000,,375862336.0,,,250054.0000,3097707.0,356704.0,161227488.0,,1059556.0000,2790946.0,,,1644603.0000,1191549.0,,279731.0,19095154.0000,185145.0000,2226234.0,301315.0000,,1023857.0000,5502976.0,2405535.0000,20537402.0,2257667.0000,15999092.0,314272.0000,4372185.0000,,,,1184130.0000,297033.0000,273029.0000,65434280.0000,3470411.0,,1862323.0,302955360.0,2138494592.0,467058048.0,224395920.0,369733.0000,545095936.0,153336192.0,264703648.0,881259328.0,243310608.0,507624480.0,713709312.0,326953984.0,508113152.0,626361216.0,1675657.0,2970018.0,28861500.0,,1356339.0,26453884.0000,1274089.0000,26508024.0,,9142549.0000,,2350712.0000,340329.0000,,449226.0000,1965436.0,1411046.0,1273957.0000,294115.0000,102880648.0000,743992.0,1015568.0000,,21613314.0,6881658.0,,469552.0000,775342.0000,1079569.0,7702655.0000,,,218872.0000,,207893.0000,1581282.0,886008.0000
healthy,75869.0000,240495408.0,105129.0000,2924145.0,1756190.0000,188647.0000,,795094.0000,659215.0,214486.0000,6838989.0,4831937.0,2298576.0000,281722.0000,1222489216.0,457300.0000,875878.0,171289760.0,4857311.0,28283680.0,1545802880.0000,14285110.0,332152064.0,35786824.0000,1585114.0000,2268893.0,68231560.0,142108.0000,181388048.0,,897424.0000,173841.0000,49437032.0,201258448.0,86846832.0,2368609.0,4046610.0,21043552.0,134075.0000,667797.0000,7349865.0,1172838.0,1852684.0,395853.0000,1835205.0,275160.0000,,1307327.0000,574886.0000,705776960.0,18243804.0000,,826146304.0,7229785.0000,115214.0000,3132384.0000,3406411.0,2905810.0,321521856.0,,219633.0000,3669164.0,,,33400316.0000,2348819.0,,461922.0,5772151.0000,610657.0000,2187539.0,362698.0000,,2032656.0000,5873592.0,6718774.0000,25627576.0,2074162.0000,145957168.0,978393.0000,6333082.0000,,189411.0000,,1114445.0000,513047.0000,3161895.0000,111601512.0000,59053512.0,215428.0000,8848339.0,676233280.0,2640431360.0,554657216.0,271419168.0,200840.0000,688574016.0,135609776.0,266776016.0,1087953536.0,181402240.0,618818688.0,1033567936.0,326413856.0,544657152.0,565224576.0,2918837.0,2080412.0,18166958.0,546834.0000,1671499.0,49879376.0000,1661564.0000,77304960.0,311853.0000,13217532.0000,3170005.0000,3368277.0000,679298.0000,,399746.0000,2550802.0,6829651.0,1104670.0000,471597.0000,211566096.0000,740094.0,2172334.0000,,19680768.0,10768959.0,,778540.0000,,6236582.0,4122545.0000,439098.0000,,512598.0000,,1832286.0000,3092202.0,1323678.0000
Ulcerative Colitis,,294626080.0,103918.0000,1337353.0,4229185.0000,139085.0000,,1182438.0000,730642.0,,10801387.0,10887443.0,,193595.0000,1893116160.0,,950841.0,215054720.0,4772404.0,7754003.0,20935324.0000,15182449.0,300345696.0,13154852.0000,,721026.0,72651984.0,1126948.0000,107616888.0,,422700.0000,169624.0000,60009648.0,228506816.0,27840140.0,2492377.0,3815567.0,34402776.0,74151.0000,,8720247.0,1124249.0,2500386.0,146226.0000,874990.0,289309.0000,,,139111.0000,807732288.0,,,703837888.0,1475015.0000,,1115199.0000,4342250.0,1064916.0,276980672.0,,,1687713.0,,,7633705.0000,2728379.0,,363090.0,2684604.0000,425278.0000,1367473.0,241035.0000,135267.0000,2534206.0000,6793500.0,5263655.0000,22187086.0,672269.0000,7972092.0,,6093160.0000,,,,1803556.0000,334190.0000,3372794.0000,2260457.0000,1011746.0,374355.0000,8313236.0,749897344.0,2545256192.0,726813888.0,252297344.0,338914.0000,769718912.0,171285936.0,405066400.0,1138997504.0,227480096.0,670063552.0,1253507072.0,528209408.0,635633280.0,694020352.0,10147810.0,3520763.0,27600128.0,,1902918.0,40586780.0000,,36741572.0,270517.0000,6093804.0000,1274091.0000,1890147.0000,648261.0000,,851169.0000,3622694.0,8132078.0,1006800.0000,474200.0000,123341192.0000,604256.0,3224708.0000,,44932504.0,2737037.0,,,,4723963.0,2365072.0000,552961.0000,,,,,3691364.0,543374.0000
Ulcerative Colitis,,74437136.0,470616.0000,4820144.0,3011167.0000,,1580420.0000,660538.0000,407835.0,,5964710.0,4558803.0,,470807.0000,1460148608.0,350843.0000,431207.0,178957744.0,5079048.0,10463381.0,12783433.0000,6934849.0,291909344.0,32805562.0000,638247.0000,2522881.0,51606512.0,2314085.0000,192556944.0,,587891.0000,,20110736.0,226736608.0,30733712.0,1145451.0,3552239.0,13428611.0,84976.0000,,2178675.0,689797.0,1279105.0,153869.0000,2343119.0,,,647847.0000,383294.0000,641123456.0,9139485.0000,6848959.0000,313043456.0,92198656.0000,,1773155.0000,3280415.0,1935190.0,252190064.0,,,1479365.0,,118258080.0000,207365.0000,1021377.0,,510123.0,3231159.0000,563637.0000,886538.0,,,642294.0000,3396299.0,2583207.0000,16733496.0,2565150.0000,7178704.0,953149.0000,354250.0000,,,,1222739.0000,,10384865.0000,5493729.0000,181874496.0,,3063870.0,582901696.0,1909415168.0,442364896.0,228441312.0,315176.0000,499037952.0,106125376.0,271246912.0,897653504.0,116199256.0,639015424.0,733281088.0,390132608.0,456971936.0,453909984.0,2690801.0,2205565.0,14248578.0,338933.0000,929258.0,13097454.0000,1468129.0000,37610448.0,334349.0000,7432127.0000,854248.0000,1838719.0000,287822.0000,,,1331016.0,1890833.0,225078.0000,398300.0000,61564460.0000,585800.0,1121756.0000,5672271.0000,51090472.0,3195666.0,,432739.0000,,3660190.0,2869798.0000,350452.0000,,,,,2411684.0,1026926.0000
Ulcerative Colitis,78641.0000,251932256.0,72058.0000,3565106.0,2747516.0000,,,483032.0000,783429.0,,9254573.0,6814240.0,,210990.0000,1200490752.0,707585.0000,448332.0,181180640.0,5629937.0,12067364.0,1761143.0000,18500946.0,647058688.0,11513726.0000,,1780438.0,61925572.0,,175507840.0,,857130.0000,144548.0000,18422892.0,58479484.0,17957654.0,2488711.0,2928905.0,22018628.0,272043.0000,,2453280.0,1040531.0,7257232.0,252680.0000,1754536.0,1318779.0000,,,998419.0000,601801728.0,,13454737.0000,332149888.0,2981632.0000,,743236.0000,3834094.0,271438.0,193168416.0,,,984423.0,,150717680.0000,907513.0000,6060038.0,,102373.0,2642700.0000,378798.0000,1824679.0,,8022896.0000,,2160534.0,1682470.0000,19053000.0,,63348216.0,,20970212.0000,,,,7433299.0000,,1657907.0000,1675956.0000,1770866.0,799975.0000,3797976.0,369719456.0,2215192832.0,386558144.0,250581296.0,548478.0000,1146120320.0,69899344.0,178140224.0,1040943296.0,101021904.0,569280832.0,1636188416.0,242039680.0,434014048.0,963022016.0,3347328.0,3289795.0,27459378.0,395127.0000,445692.0,25344414.0000,1755368.0000,20911578.0,,11831148.0000,1088544.0000,3184237.0000,,,245011.0000,899481.0,1436843.0,,,96933888.0000,379039.0,1009882.0000,,42951344.0,11038952.0,,557343.0000,,3298050.0,2325247.0000,,,112374.0000,,,1075964.0,588802.0000
Ulcerative Colitis,,311775520.0,66614.0000,649707.0,4344839.0000,134098.0000,,568613.0000,608818.0,156106.0000,6652884.0,4041971.0,,450211.0000,1136026240.0,,708307.0,77801376.0,4252907.0,9281197.0,91305648.0000,17447096.0,179688448.0,2739586.0000,1066170.0000,1240997.0,63387616.0,451785.0000,90746728.0,,1813488.0000,105397.0000,34084648.0,196946864.0,51283440.0,2425741.0,4423924.0,15925202.0,113778.0000,,12206731.0,1181109.0,780077.0,171745.0000,2111593.0,6467782.0000,,815141.0000,313542.0000,747184128.0,5111249.0000,,582171584.0,157287536.0000,135670.0000,741058.0000,3245149.0,305115.0,293752768.0,,,2627091.0,,,,1134807.0,,814277.0,8459448.0000,305233.0000,2356624.0,253429.0000,,1298652.0000,10651575.0,2467548.0000,21369376.0,2753203.0000,28674484.0,322330.0000,889516.0000,,,,2757194.0000,234284.0000,12142471.0000,6371077.0000,63836192.0,,5019666.0,418070848.0,3327663360.0,475375552.0,195626576.0,449517.0000,620192448.0,374002176.0,306200352.0,808661312.0,118235808.0,719983552.0,987021312.0,866175424.0,536630784.0,351419392.0,3646818.0,2513152.0,23075786.0,565263.0000,1594974.0,25645194.0000,1692298.0000,46885084.0,628743.0000,7184382.0000,2358033.0000,3312374.0000,417926.0000,,1351456.0000,1390100.0,2862316.0,549455.0000,296646.0000,199172032.0000,738808.0,2847490.0000,348334.0000,19640984.0,2196146.0,112615.0000,330556.0000,,4179538.0,4147931.0000,468501.0000,,,,4083690.0000,2646772.0,658246.0000
Ulcerative Colitis,,182948464.0,117537.0000,796938.0,2360922.0000,155843.0000,,372416.0000,250257.0,,6644894.0,3778350.0,1717459.0000,210522.0000,1767496320.0,390037.0000,537953.0,176284640.0,4191358.0,20085528.0,227961776.0000,16639120.0,372193664.0,15344351.0000,691349.0000,1689948.0,60680572.0,1430419.0000,143697376.0,,427109.0000,,37212656.0,329334048.0,35724480.0,1518609.0,3720060.0,8110314.0,77867.0000,,5252526.0,866489.0,1454756.0,301656.0000,1977041.0,373972.0000,,,327975.0000,509224768.0,,,521156896.0,,,584749.0000,2955594.0,1031850.0,271781312.0,,,519211.0,,,792344.0000,1322609.0,,188041.0,2035975.0000,291614.0000,1999627.0,693929.0000,,831728.0000,20669154.0,3790214.0000,22222350.0,697484.0000,27780950.0,,3820546.0000,,180071.0000,,557179.0000,274318.0000,,22801888.0000,564253.0,167735.0000,5743386.0,654959360.0,2426763264.0,547930816.0,372854752.0,218951.0000,611324608.0,196343424.0,250262688.0,967694464.0,177777568.0,535037248.0,906496576.0,380409600.0,486175424.0,357996288.0,6183773.0,2908030.0,13575555.0,,1334029.0,31300730.0000,1030446.0000,75078456.0,,14660845.0000,834099.0000,3729041.0000,,,322587.0000,2726888.0,5736985.0,643389.0000,345579.0000,145567040.0000,626609.0,1893989.0000,,21880920.0,6081664.0,39480.0000,405767.0000,,4894412.0,2444975.0000,,,578203.0000,,,1882666.0,607527.0000
healthy,,454820736.0,58262.0000,1525707.0,3256452.0000,72781.0000,,904958.0000,569880.0,130946.0000,14001094.0,2615861.0,1149895.0000,207958.0000,1850115072.0,455642.0000,1106500.0,196602304.0,5368266.0,14733388.0,103166032.0000,19971650.0,263872304.0,4057193.0000,1403805.0000,2336044.0,65942764.0,79578.0000,179912944.0,,794350.0000,96577.0000,32128038.0,49018528.0,70396688.0,2515460.0,4543104.0,22179296.0,134952.0000,,5433177.0,1225596.0,2169690.0,267702.0000,1890125.0,3436196.0000,,1276533.0000,509826.0000,795236800.0,,,566207680.0,8942710.0000,,2703684.0000,3354178.0,3207399.0,328674304.0,,,3301881.0,,,1332086.0000,1712099.0,,572169.0,1459242.0000,524198.0000,2258767.0,249620.0000,397774.0000,2710299.0000,11183060.0,5281312.0000,18860636.0,777346.0000,122691120.0,340661.0000,6010321.0000,,51542.0000,,2534482.0000,425281.0000,4089303.0000,10511911.0000,827971.0,160638.0000,6369661.0,587753344.0,3065271552.0,641901120.0,334200288.0,157989.0000,769534400.0,304447584.0,330219424.0,1260283904.0,250607248.0,715045120.0,1317950464.0,479263808.0,663186368.0,674700672.0,9561867.0,2607401.0,15250769.0,432157.0000,1439488.0,16208036.0000,3799573.0000,49740368.0,241725.0000,4322662.0000,1203704.0000,5723949.0000,607684.0000,,220865.0000,1562698.0,11253264.0,647163.0000,388343.0000,130526704.0000,323800.0,1824776.0000,,48690612.0,11006299.0,,560442.0000,,4786455.0,2626685.0000,441916.0000,,93566.0000,,,1348906.0,1421004.0000
healthy,,506656096.0,92869.0000,3556844.0,2024631.0000,,,843557.0000,861342.0,244440.0000,12671215.0,2349500.0,1309609.0000,,1441677824.0,472934.0000,794198.0,177081616.0,4264094.0,28921736.0,35087804.0000,13934927.0,391289056.0,13664586.0000,,1588529.0,74164552.0,96385.0000,180346576.0,,847337.0000,,35508596.0,45098084.0,23917366.0,2734358.0,4753615.0,22455250.0,176844.0000,595851.0000,6114238.0,1642618.0,2770800.0,420980.0000,1609580.0,2129557.0000,,1317187.0000,439917.0000,773284864.0,6335228.0000,,410934048.0,12179138.0000,,1073726.0000,2710566.0,2571291.0,261452032.0,,176813.0000,2238385.0,,,1229867.0000,2285606.0,,518055.0,3176404.0000,483500.0000,1682664.0,456558.0000,91419.0000,1901465.0000,6176222.0,3990519.0000,20236396.0,1097930.0000,15134034.0,395604.0000,8910214.0000,,83614.0000,,6109444.0000,557609.0000,2741479.0000,2800875.0000,7766993.0,349989.0000,4666356.0,560711360.0,2210905600.0,692127488.0,334003040.0,202195.0000,785583488.0,270925440.0,293704128.0,996261056.0,203760464.0,568278912.0,1098420736.0,363968800.0,507656896.0,665516544.0,11550170.0,2377779.0,48770068.0,,1423488.0,13918683.0000,2348575.0000,66878608.0,242192.0000,7901911.0000,1263358.0000,3754343.0000,385450.0000,,184420.0000,2093332.0,8587734.0,695657.0000,306299.0000,125320024.0000,416985.0,1739209.0000,,34262708.0,10993864.0,,524931.0000,,4919635.0,1785917.0000,399489.0000,,257790.0000,,190359.0000,1297547.0,578700.0000
healthy,,333500416.0,259645.0000,3968599.0,3146534.0000,,11737633.0000,752735.0000,464556.0,46540.0000,5253157.0,4289211.0,811681.0000,435751.0000,1060416128.0,419317.0000,452472.0,212966368.0,3915305.0,24658882.0,370348256.0000,11464564.0,201905536.0,9432237.0000,,2343882.0,51342408.0,,125695184.0,,928057.0000,,26050792.0,49632904.0,30853894.0,817147.0,3374639.0,15610640.0,,,3490153.0,654636.0,1234926.0,326320.0000,1930942.0,533143.0000,,,284964.0000,598311808.0,189830.0000,37456508.0000,523709056.0,,,4398153.0000,3163511.0,1586109.0,166971856.0,,147036.0000,2417713.0,,258316272.0000,3494666.0000,1301124.0,,564405.0,842024.0000,465774.0000,1984203.0,663403.0000,,2637370.0000,3734061.0,2438794.0000,16288757.0,1241766.0000,6575229.0,274288.0000,6541885.0000,,85860.0000,,3890241.0000,230383.0000,176074.0000,28614792.0000,10008738.0,234407.0000,5941488.0,551788224.0,1503679872.0,380607456.0,213178448.0,153618.0000,427826560.0,193111280.0,167022720.0,893289024.0,132998688.0,534214336.0,584399104.0,207947360.0,294269216.0,295567392.0,6728361.0,1914450.0,9487999.0,436654.0000,758213.0,38430864.0000,872893.0000,32415400.0,,12125785.0000,1847241.0000,,325261.0000,,245449.0000,1677937.0,5586049.0,346983.0000,385711.0000,117401920.0000,975187.0,1977492.0000,44661696.0000,29031164.0,16741324.0,,341840.0000,,3985969.0,2601395.0000,452188.0000,1377923.0000,279000.0000,235716.0000,,989405.0,399137.0000
Crohn disease,181715.0000,159647600.0,64524.0000,2198298.0,2240931.0000,130289.0000,,482500.0000,481919.0,316023.0000,10649371.0,3217125.0,909874.0000,241916.0000,1249914752.0,336985.0000,761131.0,174353472.0,4713549.0,58349676.0,2446202.0000,5806292.0,279184320.0,4122891.0000,1885203.0000,1749215.0,32855436.0,642505.0000,219103728.0,,282596.0000,,21789652.0,136702032.0,18598844.0,2491101.0,2908601.0,18615138.0,190378.0000,,2815104.0,395327.0,5023300.0,236346.0000,2093299.0,,,1690909.0000,332076.0000,716971520.0,16027138.0000,,216125552.0,11896638.0000,1491093.0000,456050.0000,2349681.0,1022850.0,172482912.0,,238446.0000,1577776.0,,,,2951739.0,,423168.0,1395808.0000,677025.0000,1508650.0,257755.0000,1433712.0000,2753289.0000,9602874.0,5469708.0000,25097288.0,504787.0000,15825256.0,311735.0000,2403360.0000,,,,1168156.0000,163484.0000,7132992.0000,2082086.0000,22971140.0,525558.0000,4263259.0,263988112.0,1917346560.0,469828384.0,259117920.0,1069957.0000,736804544.0,334253248.0,219316800.0,942721920.0,180357408.0,526451328.0,1333161216.0,392009536.0,434180576.0,727920000.0,4714187.0,4283347.0,3923042.0,349519.0000,888595.0,7999420.0000,1244743.0000,43757904.0,1093931.0000,15062357.0000,737913.0000,4095414.0000,336506.0000,,710851.0000,670590.0,2047514.0,625654.0000,2780665.0000,69222800.0000,449387.0,452722.0000,,24008280.0,43132400.0,,586016.0000,,8259748.0,1567793.0000,28856.0000,,,,554092.0000,2141171.0,296522.0000
Crohn disease,226514.0000,162880368.0,,585816.0,1292205.0000,99644.0000,5537606.0000,1269703.0000,361941.0,433659.0000,12914190.0,6203835.0,1982527.0000,50829.0000,1523614848.0,367562.0000,683503.0,253855600.0,4551008.0,27963820.0,10551965.0000,8061097.0,208459488.0,3976360.0000,1093596.0000,1513272.0,48903896.0,92757.0000,142064720.0,,740901.0000,,31129760.0,164443888.0,69739808.0,1754889.0,10935343.0,12968351.0,,804284.0000,5623379.0,892976.0,2281484.0,525680.0000,1353993.0,,,2600245.0000,395911.0000,753587776.0,21574672.0000,,598495552.0,19149494.0000,2352001.0000,1435010.0000,2076031.0,731360.0,276013024.0,150835.0000,528439.0000,1522434.0,,,3220396.0000,460026.0,,886684.0,1013680.0000,479001.0000,1041044.0,429018.0000,37167856.0000,3364693.0000,4440971.0,12756685.0000,17121764.0,3939861.0000,19341980.0,1586624.0000,10275007.0000,,155334.0000,,579182.0000,,2777225.0000,3860919.0000,15524243.0,49072.0000,11048110.0,525453184.0,2161415424.0,593182592.0,289055072.0,251718.0000,619964992.0,375151072.0,376942176.0,987906560.0,259255776.0,696373888.0,942069888.0,486479168.0,370498560.0,654788032.0,4306975.0,2395465.0,11268089.0,757463.0000,1718317.0,27772480.0000,2010656.0000,50299336.0,547986.0000,6297013.0000,1511133.0000,2780651.0000,584323.0000,,3307210.0000,1902153.0,1536144.0,1521888.0000,3198055.0000,198842064.0000,1103794.0,2314593.0000,40439920.0000,32200654.0,134436912.0,76042.0000,627821.0000,,6427677.0,2299259.0000,678104.0000,1164638.0000,82312.0000,,2813681.0000,3033369.0,947865.0000
Crohn disease,308350.0000,79494544.0,,945672.0,2005334.0000,84919.0000,,405301.0000,196857.0,,5331425.0,3754788.0,,78645.0000,1198418688.0,,505852.0,169431408.0,1577708.0,13010401.0,1994440.0000,9727668.0,242639376.0,9012810.0000,,990270.0,40221412.0,314209.0000,167945168.0,13881948.0000,,,13070466.0,43561572.0,19706308.0,1233313.0,3366054.0,6646143.0,80175.0000,1226605.0000,1654835.0,623299.0,649013.0,539298.0000,1251406.0,,,1247095.0000,,687017216.0,5160525.0000,1881120.0000,288465152.0,27140404.0000,,207116.0000,2479881.0,899846.0,178695552.0,174686.0000,47932.0000,779390.0,,,5339306.0000,772051.0,,179456.0,1676145.0000,309397.0000,1150518.0,,2088502.0000,1302183.0000,2443201.0,2739407.0000,9549458.0,864240.0000,52371584.0,519148.0000,6600383.0000,,106098.0000,,386714.0000,,29590184.0000,9237054.0000,11395352.0,302527.0000,3740661.0,345713312.0,1397297536.0,332053440.0,168964336.0,210117.0000,439605184.0,220578576.0,155855920.0,829819392.0,127298088.0,455346560.0,687091200.0,185266416.0,400255360.0,339870304.0,2461898.0,1297854.0,11403329.0,274020.0000,779096.0,25809288.0000,1020679.0000,31000244.0,813385.0000,7876940.0000,914043.0000,661495.0000,151673.0000,,713276.0000,559330.0,1751973.0,174851.0000,227835.0000,68650448.0000,744912.0,659747.0000,,62694912.0,49081488.0,,381088.0000,,5473167.0,358096.0000,392686.0000,165481.0000,150248.0000,,1790534.0000,1049271.0,395675.0000
Crohn disease,217640.0000,113703656.0,,4202736.0,2835978.0000,63878.0000,2781341.0000,529675.0000,761080.0,122294.0000,11113230.0,5244240.0,984777.0000,239767.0000,1200905088.0,530480.0000,320380.0,192982096.0,4074951.0,20233896.0,254616544.0000,14347031.0,241634752.0,8765930.0000,1828805.0000,1535142.0,37088328.0,2704130.0000,141406800.0,11584048.0000,502111.0000,,20448620.0,49206872.0,46128116.0,1139755.0,6378080.0,23746068.0,83956.0000,,3524479.0,932907.0,1710682.0,326285.0000,1568559.0,,,993839.0000,,747203648.0,8495317.0000,,692432960.0,2402154.0000,158002.0000,3194968.0000,2387579.0,818217.0,252029920.0,,297548.0000,1641290.0,,,11589194.0000,1192170.0,,401423.0,2143362.0000,399213.0000,1432828.0,130922.0000,,1844763.0000,3295076.0,5369491.0000,13924606.0,2858601.0000,72054264.0,711483.0000,5095309.0000,,146598.0000,,212513.0000,95193.0000,8690516.0000,26581396.0000,5718398.0,243484.0000,6037545.0,411034336.0,1955289600.0,451163136.0,252998992.0,223375.0000,539940672.0,193833904.0,278381888.0,850279232.0,189437312.0,507582528.0,783297728.0,402808384.0,562752192.0,618265280.0,2091430.0,1123120.0,6576773.0,208761.0000,831736.0,25530516.0000,1697528.0000,39678336.0,539200.0000,18642476.0000,1188093.0000,,343023.0000,,160227.0000,542580.0,2272517.0,371900.0000,423006.0000,155225488.0000,1066148.0,1733951.0000,22584022.0000,19089496.0,26884232.0,,467026.0000,,5472791.0,3020811.0000,597002.0000,84783.0000,130733.0000,,521289.0000,932045.0,705924.0000
Crohn disease,82881.0000,79038992.0,,1220121.0,2154274.0000,,,523371.0000,405140.0,,20815120.0,3766426.0,3714723.0000,175876.0000,1590246656.0,348822.0000,657030.0,168324480.0,2985039.0,7047248.0,27278658.0000,7258168.0,439154432.0,11835383.0000,1667271.0000,1022832.0,39838068.0,599134.0000,102607088.0,,1112669.0000,,24679862.0,131006768.0,21279264.0,2301791.0,4273387.0,20931524.0,96664.0000,,2776141.0,537103.0,11326119.0,253144.0000,1392334.0,,,995097.0000,1229164.0000,726144896.0,8742666.0000,,496510048.0,3639868.0000,,1586355.0000,2180844.0,2118523.0,156422592.0,,,1697938.0,,,16944990.0000,2269807.0,,366586.0,1938070.0000,387488.0000,620315.0,408398.0000,,1323669.0000,6352013.0,5290364.0000,30044076.0,2503167.0000,72992048.0,1053576.0000,8354111.0000,,121726.0000,,262821.0000,104224.0000,,6888974.0000,11205125.0,433899.0000,2406646.0,315891872.0,1973214848.0,535216544.0,246414272.0,213265.0000,677951104.0,145132768.0,281455776.0,893004864.0,179827504.0,577700864.0,993876608.0,373428704.0,561419264.0,625615552.0,6346196.0,3452691.0,10132428.0,202026.0000,1193614.0,11609779.0000,1684631.0000,35644168.0,,8638530.0000,,1419742.0000,344583.0000,,,2482932.0,1108718.0,1300485.0000,387224.0000,98961096.0000,436197.0,1002514.0000,,36666624.0,12986585.0,,255105.0000,,3343256.0,948785.0000,,,436643.0000,,522192.0000,3835805.0,624206.0000
Crohn disease,101926.0000,77533160.0,,2273757.0,2858524.0000,,,338052.0000,648961.0,,11461563.0,3667728.0,1007524.0000,193165.0000,1321219840.0,545439.0000,387716.0,178080656.0,3070272.0,23964776.0,4049666.0000,6479271.0,258396912.0,4450103.0000,525226.0000,904378.0,26888108.0,300234.0000,212376944.0,,516195.0000,,32908812.0,87669960.0,60287524.0,1275128.0,4549085.0,15551351.0,,,3102422.0,553050.0,4065062.0,247177.0000,961764.0,,,1388846.0000,700021.0000,311625632.0,14438266.0000,,552583936.0,34096368.0000,662520.0000,3314946.0000,1721046.0,808070.0,193723856.0,318568.0000,148893.0000,2037203.0,,,1519827.0000,777484.0,,232126.0,1275825.0000,293160.0000,918784.0,384363.0000,33937536.0000,2906172.0000,1843117.0,6842769.0000,9775064.0,1101210.0000,1676376.0,756261.0000,5934669.0000,,213591.0000,,,329935.0000,62985752.0000,5519176.0000,5850757.0,188703.0000,5455407.0,477371200.0,1881417344.0,306370944.0,166710736.0,895063.0000,388354176.0,125218784.0,168218464.0,538380096.0,169949040.0,547123456.0,647414080.0,305679040.0,392903264.0,384573216.0,2651893.0,2055535.0,12216886.0,408041.0000,915304.0,19772836.0000,2773586.0000,59337256.0,1420091.0000,16327280.0000,588728.0000,2781026.0000,540281.0000,,281724.0000,1423942.0,1628595.0,508976.0000,2551189.0000,116232600.0000,1103996.0,1251342.0000,,19540068.0,89216392.0,,325204.0000,,6555449.0,2979391.0000,681852.0000,,,,434161.0000,3848462.0,876153.0000
Crohn disease,,71225704.0,,552366.0,2771823.0000,,2208485.0000,374143.0000,276710.0,117555.0000,7307025.0,3078732.0,1728433.0000,416101.0000,1671650432.0,439591.0000,542621.0,250602432.0,4320846.0,1788492.0,9701303.0000,4033903.0,184591856.0,16863620.0000,910078.0000,2453259.0,38164872.0,,104197064.0,,372940.0000,,20980880.0,89842408.0,30026848.0,822284.0,4436450.0,13549393.0,134738.0000,,4807727.0,541996.0,1024884.0,210814.0000,1327255.0,469304.0000,,,,559389952.0,14321822.0000,,406925920.0,174910512.0000,,2595364.0000,2828256.0,1194711.0,170341072.0,,249198.0000,1892543.0,,,,921192.0,,450844.0,784856.0000,378070.0000,2374673.0,,76796208.0000,1271948.0000,7540803.0,4734970.0000,16797312.0,2645906.0000,2682564.0,674246.0000,739375.0000,3159706.0000,,,740699.0000,,75487376.0000,10352626.0000,246029024.0,,4255394.0,382628608.0,1769698304.0,285862272.0,203369824.0,187170.0000,351251808.0,197671760.0,164261200.0,922418816.0,151425664.0,470606368.0,619823552.0,249247536.0,504399424.0,370550880.0,2432833.0,1879800.0,5624887.0,,704309.0,45225852.0000,650384.0000,34144808.0,3083701.0000,12228086.0000,900544.0000,1382765.0000,314075.0000,,1267481.0000,1234571.0,1082633.0,550628.0000,501900.0000,148602688.0000,784985.0,1816250.0000,30223942.0000,16315133.0,4874865.0,,319881.0000,,5157514.0,657421.0000,,993871.0000,138554.0000,,1108200.0000,967941.0,784445.0000
Crohn disease,251543.0000,35194544.0,,651084.0,2410025.0000,,,328867.0000,374799.0,,10265927.0,462975.0,,,834563136.0,,552507.0,104554240.0,3659616.0,48585900.0,223344928.0000,7103629.0,201491392.0,8369902.0000,721347.0000,1514556.0,39077396.0,2530227.0000,211991504.0,3409073.0000,568852.0000,,12284266.0,118126384.0,28593132.0,1194518.0,2239827.0,16309766.0,68161.0000,,4310943.0,396660.0,5489949.0,,1050343.0,269484.0000,,2505155.0000,,446614048.0,,,209841792.0,75670432.0000,81927.0000,1203094.0000,2909361.0,284124.0,101364872.0,,,2643650.0,,,,1366815.0,,455165.0,437310.0000,437734.0000,1003552.0,,,1968479.0000,3653182.0,,11955664.0,684904.0000,10742738.0,,143009.0000,18230496.0000,,,,83350.0000,25349268.0000,72211376.0000,15985184.0,,2915421.0,231507136.0,1443579136.0,278109184.0,156327072.0,78572.0000,388904832.0,213846352.0,142033376.0,804349440.0,88319912.0,619631296.0,674627136.0,261070064.0,426717888.0,438891200.0,2406211.0,3219113.0,19286564.0,201202.0000,655527.0,12169157.0000,615457.0000,20780392.0,828211.0000,12656448.0000,1739830.0000,2453251.0000,567142.0000,,,756867.0,542966.0,335250.0000,603447.0000,84382136.0000,513347.0,641353.0000,,16827954.0,210440992.0,,433678.0000,,4877948.0,1126601.0000,,139784.0000,,,801050.0000,1468225.0,406685.0000
Crohn disease,231670.0000,349245056.0,,9249562.0,3808726.0000,81839.0000,,776245.0000,843104.0,161100.0000,25362746.0,2425394.0,2726775.0000,243238.0000,1706583040.0,306820.0000,936841.0,112103624.0,4401902.0,74333976.0,14584317.0000,7418046.0,373015136.0,23435252.0000,2241777.0000,1948935.0,34880368.0,400688.0000,322160064.0,,589109.0000,,27647972.0,44566772.0,44195188.0,2531270.0,7770383.0,14137657.0,118266.0000,,2972295.0,466535.0,12938404.0,362015.0000,1565497.0,,,1778250.0000,1258137.0000,493196704.0,9440079.0000,,481358432.0,6209004.0000,1048148.0000,824605.0000,2591727.0,5647932.0,239603312.0,323295.0000,596467.0000,5016821.0,,,19989800.0000,1841763.0,,453016.0,1977824.0000,923648.0000,2403084.0,690011.0000,,1541775.0000,11904397.0,10704289.0000,9538855.0,3938198.0000,14784277.0,1302550.0000,,,,,1388566.0000,357180.0000,4636760.0000,5905046.0000,22302040.0,786788.0000,6050203.0,450128192.0,1825796736.0,545373760.0,399951584.0,313339.0000,710487296.0,293941920.0,321590752.0,1064748608.0,172133472.0,1767546624.0,1087382272.0,448402592.0,582439488.0,657897024.0,7806426.0,4077384.0,15889053.0,515824.0000,1182033.0,37459600.0000,1755210.0000,51905908.0,263955.0000,50259536.0000,1852553.0000,4056383.0000,2764716.0000,,1875712.0000,2130668.0,3468514.0,723040.0000,5318185.0000,106862112.0000,847620.0,5579985.0000,,27096672.0,260399472.0,100219.0000,541295.0000,,6184746.0,7265912.0000,3611713.0000,,,,644224.0000,880811.0,772214.0000
Crohn disease,,44891644.0,,2189058.0,1169735.0000,,,,763744.0,,6420301.0,1114126.0,,,884217280.0,,411294.0,116671728.0,3074936.0,36673468.0,849987904.0000,3308204.0,235966544.0,,,1430411.0,28906176.0,1636834.0000,138016944.0,,265539.0000,,21801796.0,56615064.0,30019832.0,930811.0,2273547.0,15173183.0,125476.0000,4282645.0000,1497535.0,790675.0,2537209.0,243041.0000,1117008.0,,,,217268.0000,733915904.0,7026404.0000,,538933824.0,5983212.0000,146881.0000,,2469280.0,561623.0,96719560.0,,,1117492.0,,,44121540.0000,764405.0,,384125.0,,,1532446.0,77054.0000,282174.0000,854105.0000,5427762.0,,26322688.0,3460358.0000,1564451.0,534638.0000,1475322.0000,,,,337247.0000,,44425176.0000,199979792.0000,21670958.0,,2048957.0,463011552.0,1336444928.0,323566784.0,188007488.0,144330.0000,355661024.0,124814520.0,142098624.0,695847424.0,128087600.0,351620512.0,640498944.0,230894512.0,380615264.0,321545088.0,1457669.0,1552716.0,2662327.0,202569.0000,525554.0,27189244.0000,1082125.0000,21769246.0,1014215.0000,26281978.0000,,1575765.0000,,,207401.0000,1581867.0,1025268.0,216451.0000,,58086580.0000,721779.0,1675426.0000,,15453618.0,125631328.0,,216956.0000,,2720319.0,1936253.0000,289016.0000,,125254.0000,,1222167.0000,1541644.0,324031.0000
Crohn disease,144718.0000,36943556.0,61482.0000,1772552.0,2297323.0000,,2560320.0000,522204.0000,1800556.0,,7809404.0,2091431.0,993620.0000,276174.0000,1299827328.0,600898.0000,473716.0,168673120.0,3545784.0,24182084.0,422985632.0000,10727849.0,251630176.0,2597497.0000,1852265.0000,1131976.0,37591704.0,284110.0000,119197432.0,,322099.0000,79918.0000,35885504.0,149321840.0,67964840.0,1462072.0,4996862.0,27003044.0,120046.0000,,5342610.0,725080.0,1375066.0,257129.0000,1409308.0,231426.0000,,1533798.0000,732232.0000,636279488.0,18328232.0000,,704647232.0,1908590.0000,77797.0000,597205.0000,2489984.0,809718.0,222510544.0,,216163.0000,1881049.0,,,16572683.0000,1302206.0,,163748.0,3304838.0000,346663.0000,1543757.0,,,1386540.0000,2641059.0,5508922.0000,15772102.0,1872834.0000,4838647.0,732331.0000,9824942.0000,942485.0000,221729.0000,,200965.0000,,14837491.0000,93757312.0000,3818916.0,136271.0000,4599913.0,545317760.0,2304299264.0,426324224.0,213677040.0,262487.0000,452047264.0,131488984.0,234186896.0,744770944.0,190109168.0,481954208.0,700683392.0,400264704.0,431280576.0,515691456.0,2156711.0,2352421.0,10459286.0,292925.0000,1295456.0,31430876.0000,1482148.0000,48431116.0,1573235.0000,11636666.0000,771128.0000,2356246.0000,438966.0000,,479536.0000,2379521.0,840066.0,637874.0000,264614.0000,161113040.0000,1082462.0,1533912.0000,28070196.0000,20456780.0,39804580.0,74178.0000,427729.0000,,7590518.0,1743075.0000,710229.0000,,91404.0000,73023.0000,119747.0000,3043551.0,877221.0000
Crohn disease,119633.0000,97533664.0,,12965803.0,,87545.0000,6122312.0000,1668760.0000,1384325.0,488584.0000,11757363.0,3134549.0,2962456.0000,360507.0000,1738522240.0,1182634.0000,586729.0,530966560.0,7944644.0,15179513.0,54585092.0000,26059920.0,104792008.0,5604718.0000,1670331.0000,2453154.0,44774760.0,2425438.0000,131348256.0,,342499.0000,142731.0000,66088672.0,340741504.0,56054100.0,1735460.0,7094137.0,30993996.0,216371.0000,,4540881.0,1932334.0,1209583.0,382949.0000,2040279.0,,,1941108.0000,405063.0000,611129344.0,31808670.0000,,679675328.0,269615360.0000,393008.0000,517970.0000,3121492.0,306648.0,167332736.0,,247730.0000,4086336.0,,,135691.0000,535538.0,,490421.0,3234950.0000,564979.0000,1399625.0,298812.0000,,1492286.0000,3933248.0,5594408.0000,16581841.0,1115211.0000,8668931.0,1726007.0000,21148168.0000,,96236.0000,,175676.0000,,8092524.0000,12414700.0000,8162824.0,,2806368.0,553699200.0,1844921344.0,306790720.0,334966368.0,509474.0000,487478464.0,122474800.0,222640384.0,788012672.0,156533568.0,416529152.0,658277568.0,212353232.0,358078240.0,639589504.0,2167911.0,2160807.0,13879548.0,814560.0000,1243855.0,77641864.0000,1428141.0000,40642548.0,159363.0000,56302152.0000,1473787.0000,2574614.0000,321372.0000,,760316.0000,2072181.0,1348328.0,1287538.0000,559306.0000,144976592.0000,780582.0,2058614.0000,108859984.0000,17264342.0,14617483.0,,750218.0000,,3317638.0,2562263.0000,601284.0000,,,130362.0000,1859311.0000,2916381.0,482734.0000
Crohn disease,303858.0000,217496528.0,30253.0000,3708413.0,2254795.0000,80376.0000,16431899.0000,851311.0000,489253.0,76828.0000,12156431.0,2736371.0,709452.0000,453613.0000,1453813760.0,822374.0000,728861.0,148405200.0,4370375.0,12989706.0,50611396.0000,7617479.0,257163952.0,3615104.0000,1516930.0000,1746790.0,33445822.0,,160459984.0,,224467.0000,,20196564.0,40226932.0,79831448.0,1800674.0,6675442.0,17163676.0,121953.0000,212896.0000,3881275.0,663178.0,1701309.0,412049.0000,1053567.0,350799.0000,,719181.0000,489738.0000,810672192.0,9995093.0000,,494819808.0,79345112.0000,151263.0000,588835.0000,1909638.0,1047171.0,157253568.0,,303037.0000,1131730.0,,,2076523.0000,887312.0,,104689.0,1477033.0000,465515.0000,1359950.0,259096.0000,37394016.0000,2134012.0000,5639235.0,9895194.0000,9093472.0,3444518.0000,19997286.0,509302.0000,1038492.0000,,,,1208777.0000,67083.0000,8805992.0000,4267449.0000,85628560.0,503775.0000,7685147.0,427554240.0,2482471168.0,386914912.0,317869568.0,3324189.0000,550320192.0,140747984.0,306203200.0,1023366272.0,181862928.0,589646400.0,770067392.0,437945056.0,551252736.0,588048064.0,3699633.0,1773858.0,7974056.0,309661.0000,947949.0,22033724.0000,3666176.0000,69834608.0,689600.0000,23106884.0000,1006591.0000,2485115.0000,614407.0000,,106348.0000,859601.0,1637465.0,1527008.0000,210143.0000,129292920.0000,1500761.0,1818700.0000,105692176.0000,22946960.0,10531317.0,,441477.0000,,7858437.0,1834036.0000,578025.0000,,72249.0000,401855.0000,536852.0000,555063.0,1052509.0000
Crohn disease,155135.0000,77561920.0,,2399173.0,2897099.0000,81193.0000,4259406.0000,606398.0000,751314.0,118764.0000,7865257.0,5415772.0,1107565.0000,631067.0000,1164151936.0,448845.0000,512582.0,180576720.0,4170323.0,34297328.0,3960724.0000,7320899.0,171112112.0,2592721.0000,1430211.0000,1710538.0,37714112.0,1288452.0000,141474192.0,,904604.0000,,35543780.0,39279880.0,46943460.0,1074972.0,4702855.0,21413766.0,127364.0000,290171.0000,8194460.0,686457.0,1842046.0,707315.0000,1589778.0,,,2003551.0000,226896.0000,552595136.0,12258273.0000,,392726016.0,8252158.0000,536211.0000,1046969.0000,2637195.0,3352341.0,239122576.0,,304607.0000,2378148.0,,,2260027.0000,871651.0,,702310.0,3585348.0000,459439.0000,1409285.0,326924.0000,1067078.0000,1915027.0000,14604121.0,6656376.0000,11224469.0,1492551.0000,16203112.0,396172.0000,18409828.0000,,143800.0000,,312889.0000,136961.0000,8563320.0000,2680295.0000,5136215.0,192570.0000,4150102.0,487058272.0,1667198208.0,306906880.0,215685280.0,3459219.0000,405651072.0,145893936.0,154178080.0,729189248.0,167526848.0,536958144.0,606046080.0,297086816.0,442192032.0,437851136.0,1790650.0,1369009.0,12073210.0,634528.0000,891092.0,27331902.0000,1678013.0000,47921156.0,741523.0000,14254386.0000,1441478.0000,2166451.0000,453295.0000,,1207022.0000,1333012.0,1344304.0,741170.0000,1376272.0000,259868288.0000,1272394.0,3284027.0000,39619664.0000,18573328.0,73678288.0,,571173.0000,,7841199.0,1742570.0000,518687.0000,152980.0000,167446.0000,,176946.0000,2234142.0,864897.0000
Crohn disease,199136.0000,245007296.0,56863.0000,1244145.0,754529.0000,149667.0000,,416180.0000,1271139.0,113059.0000,7296372.0,5071139.0,939697.0000,311219.0000,1479606016.0,434411.0000,528564.0,217935264.0,4374603.0,27199336.0,39309608.0000,4020950.0,254099312.0,8522987.0000,869873.0000,1299869.0,45719488.0,916931.0000,117063320.0,,800641.0000,,35250448.0,51248460.0,51940932.0,1462967.0,4179209.0,24181308.0,115292.0000,3237182.0000,5568686.0,957649.0,2296240.0,616854.0000,2216432.0,,,2446064.0000,499183.0000,597176960.0,19577882.0000,,684432576.0,28869302.0000,57946.0000,3012621.0000,3059877.0,861365.0,256238432.0,,197252.0000,2752286.0,,,20999536.0000,1372890.0,,620477.0,3172327.0000,538500.0000,1309806.0,104623.0000,183991.0000,1621902.0000,7160689.0,5840776.0000,14373795.0,2707086.0000,38834492.0,407168.0000,7928305.0000,222299.0000,147863.0000,,1089783.0000,,29792954.0000,10805654.0000,176452448.0,105463.0000,5204342.0,531460256.0,2081363200.0,321425152.0,177833376.0,438544.0000,470530368.0,214747696.0,162164240.0,763946944.0,229597712.0,494457568.0,773916544.0,345278496.0,437440544.0,461366912.0,2730260.0,1459892.0,12869331.0,507177.0000,1094752.0,33559200.0000,2892798.0000,45935832.0,1561219.0000,15191583.0000,1167934.0000,2337670.0000,386774.0000,,209385.0000,1753016.0,2280495.0,473414.0000,398389.0000,174290576.0000,778579.0,1954403.0000,,22779668.0,67254608.0,,609878.0000,,7387971.0,660602.0000,331101.0000,403071.0000,148160.0000,,,1974839.0,760716.0000
Crohn disease,138714.0000,63014452.0,,2955094.0,2983295.0000,,,359680.0000,496400.0,,9985797.0,3053922.0,,76221.0000,1131712384.0,,461403.0,185514528.0,2116454.0,17558650.0,49948576.0000,3957927.0,264544304.0,3392635.0000,835275.0000,665066.0,34601780.0,1869616.0000,97899512.0,,96640.0000,,15637349.0,34607784.0,21365784.0,1522224.0,2902683.0,12520140.0,108306.0000,,1700471.0,462929.0,2564297.0,227833.0000,977466.0,,,,,777938112.0,10021717.0000,,295339872.0,1640445.0000,,970533.0000,1874252.0,1490596.0,185404864.0,230630.0000,,1276896.0,,,5997374.0000,1021389.0,,175666.0,2940268.0000,408142.0000,865916.0,,,1906664.0000,3940307.0,4657653.0000,14578254.0,457065.0000,21042068.0,451024.0000,13747694.0000,2536450.0000,,,575586.0000,,6644957.0000,11740537.0000,2741800.0,,2947339.0,228451264.0,1844579456.0,494832416.0,274438656.0,923144.0000,573742784.0,165233312.0,234556736.0,874677440.0,168834720.0,402434272.0,989121792.0,361717472.0,423567360.0,623079872.0,2870320.0,2179806.0,3753416.0,,998172.0,15602752.0000,1062195.0000,31838370.0,,15219053.0000,572185.0000,1590818.0000,315047.0000,,1077215.0000,762209.0,1610288.0,322487.0000,,43501704.0000,664810.0,803459.0000,,69024824.0,60356504.0,,291008.0000,,3945352.0,2375632.0000,,,,,,1852113.0,451437.0000
Crohn disease,,147601904.0,,1307556.0,509622.0000,,,,426161.0,,13428014.0,4683238.0,,,1932587776.0,,921086.0,350607584.0,2247125.0,22692080.0,44527780.0000,7316024.0,574246656.0,9892367.0000,,2038404.0,57591332.0,,177663392.0,,271519.0000,,59452132.0,156528864.0,58035724.0,2388810.0,6349141.0,19395102.0,78995.0000,,7222346.0,685073.0,5347940.0,,1507615.0,,,1475133.0000,,625190976.0,,,476382176.0,27075962.0000,,,3515601.0,576537.0,230462496.0,,573730.0000,1026343.0,,,11591062.0000,2593561.0,,602473.0,2451510.0000,454328.0000,1197626.0,,,2647766.0000,5740728.0,6549218.0000,20941758.0,578591.0000,37649296.0,,18993300.0000,,,,453143.0000,,9954888.0000,4676471.0000,1703717.0,,3788408.0,551856000.0,2629375232.0,474806528.0,200118816.0,,608495232.0,165303408.0,389044192.0,1046769216.0,190665680.0,554666624.0,857281728.0,487479040.0,580985728.0,519160224.0,2873397.0,3826789.0,3409172.0,442178.0000,1293176.0,34812816.0000,2147076.0000,22892982.0,1163761.0000,27398052.0000,1620384.0000,3297760.0000,486727.0000,,290554.0000,954804.0,1253201.0,616668.0000,1089620.0000,,343460.0,1683488.0000,90854368.0000,26536320.0,82864360.0,,451890.0000,,6545601.0,913013.0000,,,,,213918.0000,4456697.0,
Crohn disease,418476.0000,23482132.0,,2762712.0,1690128.0000,78680.0000,,501252.0000,2235477.0,,2243375.0,1389276.0,2425080.0000,271126.0000,1134695168.0,1167198.0000,614634.0,94860152.0,4987524.0,29004052.0,7972090.0000,4874561.0,330328736.0,13914712.0000,1282654.0000,1847240.0,44577856.0,161625.0000,121464456.0,,237907.0000,,35565784.0,69454224.0,51970832.0,1506621.0,3672585.0,37647556.0,379507.0000,,3665373.0,1141594.0,1557618.0,288630.0000,4374476.0,130916.0000,,1147505.0000,816179.0000,767679424.0,19428044.0000,,1148592768.0,2733844.0000,,827473.0000,2794480.0,444398.0,410311744.0,,167350.0000,3125096.0,,,1261599.0000,1510742.0,,340235.0,4039548.0000,555083.0000,1322128.0,486824.0000,326017.0000,1059678.0000,2024796.0,3840741.0000,17187510.0,7813713.0000,14507571.0,967115.0000,998106.0000,,107237.0000,,195507.0000,,31835382.0000,13709891.0000,4633409.0,71905.0000,2461534.0,478783936.0,2034716672.0,441417888.0,280293184.0,219055.0000,442232576.0,145603696.0,235478064.0,784941120.0,187169888.0,454094656.0,782013632.0,378396256.0,401159296.0,529774208.0,1695640.0,2465682.0,12909351.0,761608.0000,1688525.0,38468336.0000,1670136.0000,39116356.0,2011968.0000,40727008.0000,1429776.0000,2730944.0000,408912.0000,,705988.0000,602009.0,4562084.0,861782.0000,525046.0000,128580616.0000,3288365.0,1823644.0000,,18171190.0,16076268.0,50975.0000,614179.0000,,3640090.0,3113470.0000,505575.0000,,,,,2742636.0,780822.0000
Crohn disease,,168186368.0,82683.0000,7625808.0,1872493.0000,91844.0000,,271988.0000,372274.0,87168.0000,10026464.0,3128286.0,1662655.0000,253551.0000,1390597888.0,418033.0000,701938.0,133565272.0,3566006.0,37995140.0,77168496.0000,4869908.0,230807168.0,1124206.0000,2055488.0000,1192545.0,40578856.0,822422.0000,165115360.0,,234158.0000,,39230808.0,129037808.0,51268956.0,1595982.0,4048588.0,14676714.0,128554.0000,,4420572.0,885059.0,3025438.0,291540.0000,1531221.0,,,1945501.0000,698080.0000,660505344.0,21766716.0000,,673530624.0,10262943.0000,256911.0000,2002830.0000,2100587.0,2333850.0,175212944.0,,287326.0000,2134274.0,,,69406656.0000,983111.0,,510199.0,1454477.0000,465121.0000,1387568.0,310378.0000,11644436.0000,1577629.0000,5458234.0,9301962.0000,19886830.0,871548.0000,2337516.0,654042.0000,5013288.0000,,,,565613.0000,,1534386.0000,8196240.0000,1386724.0,198391.0000,5434935.0,667911232.0,1955224448.0,386488064.0,287135584.0,336036.0000,502766528.0,191230752.0,295280576.0,896709824.0,152964080.0,620300544.0,722056576.0,291821472.0,532177024.0,564940800.0,3108555.0,2084807.0,3948175.0,586927.0000,1053986.0,31544916.0000,2318433.0000,43067800.0,82745.0000,28682892.0000,2302409.0000,2191776.0000,665970.0000,,3091739.0000,1543310.0,833694.0,846838.0000,1137327.0000,151593760.0000,1043048.0,1903017.0000,,36017556.0,74989232.0,,592975.0000,,8103572.0,5681577.0000,718690.0000,,141749.0000,,,5394340.0,972849.0000
Crohn disease,,26639452.0,57931.0000,2739626.0,3016404.0000,,2532454.0000,407832.0000,362986.0,109255.0000,9291215.0,7394616.0,2077811.0000,277356.0000,1015464704.0,,760389.0,296758784.0,2509975.0,9727545.0,42071544.0000,3602409.0,260070144.0,13274310.0000,704316.0000,449969.0,42336560.0,585722.0000,95331328.0,,399329.0000,,31084924.0,123575480.0,39059328.0,2033794.0,4066478.0,12619888.0,119443.0000,,3269426.0,564548.0,3023530.0,,769463.0,,,1610255.0000,,765277888.0,9555760.0000,,442936480.0,88233272.0000,,1322667.0000,2664290.0,1000616.0,153079136.0,,805962.0000,2136438.0,,,7985094.0000,1906086.0,,646896.0,1949316.0000,245735.0000,1226625.0,216015.0000,,2420589.0000,4286475.0,,23961368.0,1537572.0000,29502236.0,841974.0000,1101007.0000,5657024.0000,,,233295.0000,,11163205.0000,11456584.0000,54609552.0,,5095998.0,453541120.0,1753182976.0,516065632.0,209243760.0,,528099744.0,240526016.0,257236096.0,1032961280.0,131588664.0,517541824.0,862203200.0,344229888.0,478961440.0,473436320.0,3811751.0,7298041.0,6876756.0,,1186664.0,34827568.0000,,32388156.0,587763.0000,20318224.0000,370626.0000,2936324.0000,,18583746.0000,127846.0000,1203171.0,888616.0,628033.0000,702226.0000,91950560.0000,800823.0,812456.0000,20106010.0000,35454212.0,12039019.0,,192327.0000,,5640853.0,1007366.0000,425672.0000,936634.0000,,,1055844.0000,3607457.0,424445.0000
Ulcerative Colitis,61129.0000,388529792.0,,4213009.0,1393777.0000,105499.0000,,1097073.0000,1295150.0,561865.0000,12988241.0,9273880.0,1176059.0000,384385.0000,1815877248.0,1103198.0000,998210.0,124158192.0,8657556.0,26032448.0,172727136.0000,21032392.0,256412544.0,2888317.0000,788080.0000,4156287.0,72221704.0,733703.0000,163424480.0,,1512950.0000,254752.0000,65242480.0,507760448.0,94185456.0,2958158.0,4619546.0,35443580.0,301956.0000,,9454161.0,137261024.0,3171675.0,468998.0000,2590110.0,969405.0000,,2331211.0000,1024540.0000,792747136.0,23089852.0000,,957767744.0,3829715.0000,,1547801.0000,4052251.0,311686.0,256621536.0,,217201.0000,6609276.0,,,434613.0000,2412982.0,,883870.0,3282593.0000,945373.0000,2903177.0,418947.0000,,1780767.0000,5867513.0,4437115.0000,29389634.0,1486122.0000,3405816.0,1045288.0000,652138.0000,,207793.0000,,4386140.0000,495309.0000,3227840.0000,7661136.0000,1717590.0,315267.0000,4653700.0,706658816.0,2855053824.0,419986176.0,309624256.0,280354.0000,685790976.0,326146656.0,256480960.0,904839680.0,209454464.0,538209920.0,1030888448.0,358665600.0,573056384.0,724420288.0,13679722.0,3500069.0,35587588.0,1595129.0000,1748078.0,58350436.0000,2982185.0000,56847076.0,334295.0000,19265444.0000,2358422.0000,5061510.0000,649741.0000,,2463226.0000,3321913.0,8709479.0,1556338.0000,182984.0000,212806640.0000,734102.0,3537838.0000,,27582430.0,14404452.0,181852.0000,1218509.0000,,5475549.0,4030773.0000,542121.0000,,67327.0000,,144556.0000,5030795.0,1376800.0000
healthy,111472.0000,233600672.0,158807.0000,2824139.0,2202980.0000,,,446577.0000,505601.0,180340.0000,9236893.0,2129517.0,3222399.0000,,1809430912.0,450841.0000,690811.0,188571664.0,4635641.0,23457806.0,355402400.0000,11674373.0,275682336.0,2759048.0000,1289182.0000,798165.0,58447112.0,357695.0000,118555504.0,,212240.0000,201620.0000,31451152.0,187336096.0,30314572.0,2745660.0,3855203.0,16646822.0,114798.0000,,3814772.0,1372325.0,1875173.0,233450.0000,853348.0,573255.0000,,2955659.0000,332589.0000,797756160.0,10507055.0000,7221050.0000,432061536.0,12360552.0000,,1179960.0000,3332458.0,586267.0,227384864.0,,218544.0000,1740414.0,,109645664.0000,2928534.0000,2569251.0,,384397.0,285944.0000,412931.0000,2252946.0,,2247483.0000,969516.0000,6454840.0,3714357.0000,17116680.0,1833057.0000,8815333.0,416102.0000,14335064.0000,,100793.0000,,12313887.0000,,2539269.0000,56796196.0000,750809.0,,4553835.0,347801984.0,2323280384.0,497749152.0,230896384.0,523431.0000,791823232.0,368475968.0,225176128.0,993415680.0,173065184.0,582843648.0,1208492544.0,366642464.0,463866112.0,589830400.0,9135942.0,2196702.0,10192855.0,250837.0000,1169492.0,19439712.0000,,51209160.0,269178.0000,9700449.0000,2191846.0000,4197441.0000,410379.0000,,789054.0000,2990874.0,3569314.0,428973.0000,314872.0000,72758080.0000,356545.0,1137259.0000,,46595888.0,13859531.0,,,,4778419.0,2012293.0000,,96069.0000,,,,2466212.0,700411.0000
healthy,,387115520.0,337248.0000,2558883.0,2757002.0000,84816.0000,,526770.0000,790861.0,,14663162.0,2674177.0,1521536.0000,106638.0000,1262420736.0,364618.0000,738319.0,174055568.0,4894368.0,55702628.0,471379680.0000,14113496.0,633872192.0,12081831.0000,2371856.0000,1326668.0,56793944.0,416324.0000,202897520.0,,783783.0000,,31737724.0,162532144.0,30158436.0,2687974.0,2984836.0,21615028.0,320775.0000,,7320898.0,993246.0,6460039.0,550655.0000,890140.0,,,1894549.0000,849633.0000,560491840.0,14593521.0000,,420418368.0,44223592.0000,288211.0000,470979.0000,3356634.0,4661463.0,247381312.0,,,2579160.0,,,9695477.0000,2126284.0,644354688.0000,838906.0,2868316.0000,405416.0000,2770922.0,181401.0000,16720110.0000,925953.0000,3844159.0,3842179.0000,17022384.0,3766504.0000,20376652.0,742426.0000,7222643.0000,,,,1879709.0000,222319.0000,7405217.0000,76906352.0000,86965720.0,299308.0000,2728995.0,445490688.0,1612643840.0,342988608.0,167376976.0,494556.0000,618888064.0,147058848.0,193605136.0,777730816.0,144562368.0,458801984.0,917436544.0,231125840.0,416315008.0,584402688.0,7563337.0,3891792.0,27945584.0,540933.0000,932289.0,18416384.0000,1069344.0000,52630740.0,576774.0000,27603170.0000,2625953.0000,3695031.0000,432748.0000,,224429.0000,2075835.0,3610648.0,525538.0000,1151109.0000,174917216.0000,342353.0,,,23461104.0,110667640.0,,459406.0000,,6419448.0,3422528.0000,,,1249261.0000,,6214212.0000,3084851.0,588328.0000
Ulcerative Colitis,79628.0000,243163872.0,69852.0000,3415342.0,3194966.0000,117787.0000,,859091.0000,867547.0,163269.0000,8798919.0,2200660.0,1149489.0000,310446.0000,1614365440.0,618483.0000,525377.0,154506752.0,6194859.0,33703064.0,24333756.0000,14719134.0,259105152.0,13747328.0000,1570013.0000,2469183.0,53352724.0,135382.0000,146599008.0,,2330656.0000,60609.0000,32151458.0,60905544.0,50168448.0,1229121.0,3881832.0,24770874.0,76726.0000,,6335973.0,1547192.0,1994244.0,271723.0000,2639272.0,518036.0000,11344623.0000,1259739.0000,470918.0000,618570560.0,16623964.0000,,617673344.0,1217253.0000,163729.0000,2777775.0000,3216145.0,918925.0,353618912.0,,204232.0000,2653218.0,,,5841182.0000,1225628.0,,583365.0,4077852.0000,762438.0000,1373526.0,,,698406.0000,5957420.0,3648427.0000,19549328.0,1486436.0000,54991100.0,438349.0000,690203.0000,8902033.0000,192790.0000,,512624.0000,246744.0000,3913236.0000,6710078.0000,1286840.0,195445.0000,3767479.0,600431424.0,2018780416.0,451915136.0,258305520.0,401643.0000,519963712.0,313815840.0,238794480.0,966960128.0,141614032.0,550419840.0,778559680.0,378483872.0,643448384.0,521452320.0,11707310.0,1956289.0,15661536.0,745696.0000,1270015.0,34829996.0000,2012591.0000,35761616.0,312410.0000,11147380.0000,1822973.0000,1754993.0000,494681.0000,38921492.0000,291523.0000,1170644.0,9013755.0,353739.0000,865640.0000,209829088.0000,844841.0,1605118.0000,,36274656.0,36396224.0,58982.0000,792713.0000,,3573058.0,4615561.0000,475210.0000,,75367.0000,,,1761378.0,918716.0000
healthy,,294564384.0,155620.0000,2414390.0,2131026.0000,178385.0000,,806670.0000,662045.0,121518.0000,7285835.0,3250811.0,,149848.0000,1245017088.0,387492.0000,408448.0,233240144.0,5338318.0,12202423.0,73826344.0000,13984730.0,240398464.0,2211762.0000,,947656.0,72540240.0,,111178672.0,,3873049.0000,257964.0000,50089916.0,79181784.0,33529424.0,1123379.0,4855284.0,15124063.0,158054.0000,,5213386.0,1534656.0,2014300.0,238768.0000,1523493.0,525422.0000,,,319983.0000,789302208.0,,,370064864.0,14344696.0000,,2689960.0000,3607267.0,614687.0,189724288.0,,,1891411.0,,,6452008.0000,1623806.0,,665652.0,2719715.0000,446258.0000,1849210.0,,,1198204.0000,7397578.0,,22073420.0,,39918620.0,329105.0000,10693444.0000,3223395.0000,,,3774835.0000,,1095618.0000,4421280.0000,1816750.0,94021.0000,4772131.0,680393408.0,2463726336.0,531435584.0,199436112.0,404906.0000,607573632.0,152133632.0,293482176.0,1022633344.0,123422640.0,740689472.0,800089344.0,661708864.0,367903648.0,561724160.0,3717917.0,3019485.0,26157476.0,,1253518.0,58847140.0000,954983.0000,33868716.0,,5363613.0000,972597.0000,1471334.0000,,,154434.0000,2180688.0,3742869.0,384870.0000,304507.0000,155363344.0000,373800.0,1721557.0000,,33790068.0,8133707.0,,414813.0000,,3776798.0,1293316.0000,,153429.0000,88002.0000,,,1524002.0,398959.0000
healthy,99242.0000,504521920.0,159769.0000,2884737.0,2003900.0000,,,892004.0000,598409.0,211341.0000,11250821.0,4092691.0,1406936.0000,189883.0000,1614407680.0,366863.0000,901281.0,185994320.0,5349873.0,23839924.0,14887323.0000,10111766.0,357885120.0,26775156.0000,729676.0000,2235314.0,68944512.0,196323.0000,150465904.0,,1800427.0000,148076.0000,34197560.0,76062304.0,43797892.0,2588274.0,4480370.0,23579184.0,117652.0000,,4912684.0,1370616.0,2095456.0,256586.0000,1938957.0,4608136.0000,,1835511.0000,677525.0000,734291520.0,,,249091520.0,53090536.0000,,2218391.0000,3994038.0,3454800.0,276220736.0,,,2112691.0,,,377489.0000,2505094.0,,400106.0,3044554.0000,623732.0000,1766630.0,346719.0000,54997.0000,722704.0000,9432728.0,5822340.0000,21777022.0,1202097.0000,80631816.0,399885.0000,8972166.0000,,,,3783208.0000,219198.0000,5318592.0000,2485686.0000,9275842.0,338226.0000,2829222.0,680883136.0,2422866432.0,549139712.0,297104192.0,207709.0000,684870464.0,206495712.0,306623392.0,1030073216.0,193690944.0,647343040.0,1138062080.0,427495520.0,540472128.0,642405312.0,8163386.0,2115321.0,23942834.0,748922.0000,1432944.0,16586715.0000,1976079.0000,71973472.0,426322.0000,9743108.0000,2143081.0000,4358416.0000,555283.0000,3832306.0000,446055.0000,2349207.0,6478052.0,625344.0000,427870.0000,104887200.0000,345256.0,2053845.0000,,38621412.0,5251573.0,,479159.0000,,4477409.0,1567323.0000,350620.0000,,95005.0000,,,2703622.0,1047791.0000
healthy,153906.0000,282801632.0,146729.0000,3784297.0,6230631.0000,127020.0000,,633573.0000,555510.0,145784.0000,14552114.0,4312571.0,2137630.0000,538041.0000,1329527168.0,565257.0000,930991.0,203247520.0,6663393.0,23808924.0,16414071.0000,14969886.0,519401760.0,29870128.0000,409964.0000,2511012.0,80808512.0,,120387920.0,,1933977.0000,85749.0000,47795884.0,86720848.0,36750436.0,3113161.0,4795836.0,18876778.0,176422.0000,,3661097.0,1508136.0,5882942.0,445935.0000,2257766.0,1833536.0000,,,965277.0000,581787904.0,,,493366016.0,99041584.0000,,1764907.0000,4457441.0,6100268.0,377777216.0,,1597258.0000,8375057.0,,,1678776.0000,4140257.0,,1782010.0,31142696.0000,682401.0000,2028629.0,,,2060880.0000,8583366.0,3080093.0000,28256544.0,1847950.0000,6987673.0,257135.0000,8900855.0000,,26691.0000,,11313770.0000,320135.0000,5267497.0000,3375636.0000,31197088.0,436977.0000,3299189.0,675705472.0,1922895488.0,522725312.0,281742304.0,417638.0000,899021632.0,262400256.0,264867728.0,1233083520.0,200510560.0,513450368.0,1255819776.0,279405600.0,457014944.0,705304064.0,21007772.0,4053445.0,37737508.0,,1497503.0,67150328.0000,2102127.0000,65100352.0,405105.0000,11691752.0000,2168062.0000,4233118.0000,383128.0000,,,3464384.0,7771788.0,918082.0000,1124233.0000,117690480.0000,451767.0,1698866.0000,,46766200.0,34277012.0,,1017538.0000,731916.0000,1640589.0,11638413.0000,,546119.0000,758219.0000,,,2024794.0,1051220.0000
healthy,,123616192.0,62520.0000,1699295.0,1228925.0000,,,1090998.0000,710078.0,113981.0000,10775798.0,3076408.0,1407902.0000,201636.0000,1508416512.0,,797268.0,161142224.0,3456978.0,7661512.0,6508839.0000,12092048.0,359298208.0,10052154.0000,1120069.0000,2278146.0,70371960.0,237618.0000,121462760.0,,771191.0000,74987.0000,37346148.0,50375956.0,40897816.0,1805563.0,3355389.0,23147690.0,229704.0000,,11677409.0,1228804.0,1444579.0,,1551459.0,,,1043243.0000,,673223360.0,5414155.0000,,293075936.0,12540766.0000,,1634748.0000,3068768.0,2652497.0,230214672.0,,,1588128.0,,,571777.0000,887259.0,,570750.0,2645371.0000,431003.0000,1879169.0,,,1761192.0000,7589832.0,3092857.0000,16848482.0,976548.0000,14811334.0,328927.0000,1478757.0000,,110543.0000,,1943535.0000,,2403929.0000,,5561057.0,,5095704.0,529492192.0,2471514624.0,562884800.0,275851648.0,,647527744.0,226923248.0,259624688.0,1036320128.0,185677824.0,531610688.0,1062528640.0,381861824.0,617820480.0,630320064.0,18265428.0,2806748.0,15223595.0,362410.0000,1452924.0,,996662.0000,45103160.0,,9583120.0000,2076722.0000,2695438.0000,447686.0000,,679270.0000,1870898.0,7528771.0,699149.0000,225332.0000,170975920.0000,433154.0,1423102.0000,,23516224.0,1609476.0,,509742.0000,,3603943.0,2543238.0000,,,,,,1505133.0,314190.0000
healthy,,243781488.0,92323.0000,1038340.0,2023360.0000,206513.0000,,723268.0000,547787.0,,12917997.0,1953551.0,1056646.0000,303846.0000,1853522432.0,430840.0000,705382.0,189364592.0,5131037.0,21394416.0,244024832.0000,12029955.0,307595904.0,2535262.0000,1357759.0000,1915956.0,63461260.0,537114.0000,149607152.0,,869078.0000,88498.0000,53995448.0,194260288.0,48688152.0,2362785.0,4988803.0,17395080.0,105042.0000,345749.0000,4399270.0,1747810.0,1959728.0,334696.0000,2000918.0,,,1048258.0000,680270.0000,904173696.0,23804882.0000,,694696832.0,34465440.0000,202269.0000,689599.0000,3168610.0,2928789.0,261170960.0,,225003.0000,1265482.0,,,3704757.0000,2222922.0,,234504.0,1505421.0000,494657.0000,1675153.0,442455.0000,1183448.0000,764460.0000,5589689.0,4230342.0000,23118194.0,3144866.0000,3073119.0,544905.0000,9950379.0000,,63810.0000,,1185161.0000,263568.0000,6916781.0000,8755803.0000,43805080.0,220539.0000,6134008.0,692913728.0,2343796480.0,609941312.0,297857696.0,434483.0000,724520064.0,260078032.0,350715008.0,986636608.0,177297456.0,626060160.0,1150547200.0,383954784.0,539017472.0,695563200.0,9160399.0,2208721.0,20148876.0,927554.0000,1342043.0,38432332.0000,3765063.0000,80528736.0,418637.0000,9645199.0000,2118872.0000,4460093.0000,554414.0000,,401020.0000,2279494.0,8500495.0,610360.0000,743539.0000,150799856.0000,767897.0,1984623.0000,,58543772.0,16998448.0,,831602.0000,,6848859.0,2563780.0000,705634.0000,,160844.0000,,301349.0000,3053143.0,1144093.0000
Ulcerative Colitis,60591.0000,130077464.0,102784.0000,345157.0,1778292.0000,98139.0000,,466447.0000,651495.0,141961.0000,5562859.0,4546724.0,2717058.0000,381511.0000,1269757824.0,415137.0000,646814.0,162128768.0,4722348.0,26437208.0,537909184.0000,14973918.0,363458560.0,28982704.0000,1088412.0000,1627231.0,72867704.0,2761127.0000,156984528.0,,466626.0000,,36653304.0,282915200.0,66996448.0,1971235.0,4137173.0,28212406.0,309850.0000,,5233405.0,1747056.0,2044325.0,405010.0000,2226188.0,389181.0000,,1168112.0000,906760.0000,854835584.0,27074900.0000,,824801152.0,,,891210.0000,3559897.0,842319.0,201305136.0,,53574.0000,3520475.0,,,3927476.0000,1672866.0,,296193.0,3464105.0000,644195.0000,1635406.0,307944.0000,,1293549.0000,3954636.0,5641483.0000,37253048.0,1630328.0000,22688172.0,839705.0000,10672482.0000,,150952.0000,,590025.0000,619877.0000,1223934.0000,58960976.0000,1167970.0,134178.0000,4482510.0,791174528.0,2634834688.0,728512192.0,437348992.0,346123.0000,613686400.0,172606736.0,323556544.0,1031337984.0,161157472.0,602054080.0,1002861568.0,418088384.0,610989632.0,580701120.0,2793819.0,2786029.0,18349224.0,560581.0000,2330450.0,48126008.0000,4698626.0000,60265816.0,,9506931.0000,1405331.0000,3714972.0000,549683.0000,,741531.0000,2511995.0,1610695.0,741168.0000,333932.0000,186919792.0000,491722.0,2052774.0000,,49554684.0,5329419.0,,793181.0000,,5829904.0,1041655.0000,367539.0000,,329630.0000,,,4847536.0,1236880.0000
healthy,93852.0000,464065760.0,74196.0000,2085918.0,,139087.0000,,1100129.0000,1237907.0,225966.0000,17311966.0,5294748.0,1457611.0000,483768.0000,2116491392.0,556049.0000,809217.0,243886224.0,6162034.0,19815436.0,427051680.0000,16367261.0,411937952.0,8806185.0000,1348003.0000,2404122.0,75802536.0,917111.0000,229924224.0,,517585.0000,139362.0000,68136856.0,387940096.0,76583616.0,2972243.0,5401896.0,39782284.0,176271.0000,,4325709.0,2100647.0,2356034.0,756392.0000,2130686.0,6511098.0000,,1325387.0000,890347.0000,908463232.0,19643080.0000,,976397824.0,4534835.0000,,1363432.0000,3606742.0,1554367.0,225210736.0,,237792.0000,2271470.0,,,2021801.0000,3849951.0,,596098.0,2899926.0000,814094.0000,1680881.0,272955.0000,,1341728.0000,6112230.0,4451080.0000,22571098.0,1066613.0000,211756784.0,819280.0000,32232922.0000,,225135.0000,,5254490.0000,354704.0000,2595510.0000,60082488.0000,14136308.0,655338.0000,7176215.0,721305472.0,3052221440.0,727223168.0,409004320.0,338330.0000,1056985088.0,210175984.0,362007648.0,1130256384.0,222973664.0,743978112.0,1565271296.0,674128512.0,630510848.0,928578944.0,9421409.0,2931330.0,31182926.0,812949.0000,2141116.0,57200484.0000,2729776.0000,41387688.0,432275.0000,13961910.0000,1525853.0000,3832787.0000,769582.0000,,305274.0000,6128740.0,3968014.0,783475.0000,846745.0000,167138000.0000,616591.0,2764013.0000,,54184408.0,7854597.0,,840668.0000,,5645883.0,2098243.0000,2150361.0000,220216.0000,76415.0000,,201152.0000,3219631.0,923164.0000
Ulcerative Colitis,118102.0000,492651936.0,293022.0000,8707284.0,3026855.0000,111984.0000,,679776.0000,1118701.0,649599.0000,8751384.0,1347886.0,1634528.0000,765557.0000,1261903744.0,738751.0000,595030.0,163872320.0,9456672.0,11125731.0,154805872.0000,14858364.0,193909744.0,10553724.0000,1048695.0000,3365888.0,66354696.0,1142014.0000,144845184.0,,299431.0000,232639.0000,47847332.0,156793792.0,59762556.0,1808870.0,3250768.0,22171648.0,384273.0000,291833.0000,5672273.0,1793567.0,5501410.0,216322.0000,3659287.0,5979983.0000,,1117372.0000,537462.0000,675897856.0,19350720.0000,7402860.0000,909073088.0,96131488.0000,,1211237.0000,4936313.0,1442598.0,390812864.0,,336056.0000,5925526.0,243736960.0000,79324224.0000,,1342545.0,,512985.0,3966576.0000,1109024.0000,1907473.0,346696.0000,1430583.0000,2332925.0000,6855530.0,4345854.0000,15430826.0,2265056.0000,28507402.0,661822.0000,3194837.0000,7691613.0000,45867.0000,,9768645.0000,165582.0000,8919084.0000,8130277.0000,1676615.0,,5575216.0,640046784.0,2282811904.0,403981824.0,219554720.0,321200.0000,640641088.0,151568368.0,220433488.0,811055232.0,154330528.0,532139008.0,959314240.0,262342704.0,324536032.0,723724992.0,9558551.0,2871929.0,15677710.0,1134043.0000,1094276.0,45945684.0000,1294735.0000,35370724.0,729357.0000,8715147.0000,2422050.0000,2955669.0000,572404.0000,,5738226.0000,2276636.0,22854792.0,638221.0000,108899.0000,189007296.0000,1834683.0,2998133.0000,,21096940.0,11681585.0,,1183654.0000,,3577257.0,5491390.0000,922777.0000,209822.0000,,,,2522549.0,1639565.0000
healthy,,136347136.0,63063.0000,2144865.0,3132580.0000,,,814105.0000,693524.0,,16581360.0,3771726.0,,,1799034880.0,,673244.0,259637888.0,2754583.0,17944418.0,65970232.0000,9051254.0,582218304.0,4549631.0000,513770.0000,1901876.0,59270800.0,,183315568.0,,608506.0000,88034.0000,26936768.0,65837588.0,34873960.0,1989646.0,3642164.0,20633424.0,106006.0000,,2625185.0,707295.0,1631876.0,468080.0000,1518256.0,6586461.0000,,1533013.0000,817795.0000,845287488.0,9237228.0000,,536626592.0,44850740.0000,,2126986.0000,2856431.0,11298513.0,235805792.0,,,1715318.0,,,2891730.0000,2120011.0,,971537.0,1007913.0000,531180.0000,1465750.0,,,2631401.0000,8303328.0,5225633.0000,15772347.0,1401456.0000,154654592.0,583188.0000,10447531.0000,,,,1617384.0000,460440.0000,4807019.0000,7526049.0000,5409358.0,,7989398.0,391070624.0,2288159488.0,557263424.0,305686176.0,,780457920.0,459761184.0,299252352.0,1139221632.0,126257768.0,688678720.0,1135058944.0,383179104.0,645040704.0,562170432.0,9702122.0,2673039.0,6204945.0,307128.0000,766209.0,49029540.0000,1849812.0000,65680740.0,505964.0000,18838904.0000,1021468.0000,1733807.0000,428839.0000,,,3204657.0,4499610.0,375726.0000,464880.0000,88138480.0000,562012.0,1951354.0000,,49941336.0,7186866.0,,316059.0000,,3970465.0,3979295.0000,,371077.0000,269286.0000,,213272.0000,4353050.0,399775.0000
Ulcerative Colitis,75487.0000,427497888.0,128285.0000,683373.0,2427461.0000,174004.0000,,833214.0000,787717.0,517988.0000,10721972.0,13701615.0,1090053.0000,332853.0000,1706378752.0,249038.0000,736853.0,306468064.0,5389659.0,20756156.0,17342436.0000,12777340.0,349709216.0,9461905.0000,678063.0000,2492933.0,60191200.0,79388.0000,244495408.0,,1346576.0000,154603.0000,30997248.0,142838480.0,74881872.0,1544490.0,4479750.0,20227428.0,156302.0000,,2978488.0,1189690.0,1887727.0,631143.0000,2640873.0,514012.0000,,586447.0000,316260.0000,846687360.0,9974622.0000,,423260000.0,,,2916535.0000,3545248.0,742928.0,267334368.0,,145447.0000,2102607.0,,,1109675.0000,1439660.0,,725339.0,1368221.0000,782822.0000,2925714.0,159965.0000,,116656.0000,5611133.0,3172111.0000,18684304.0,2006151.0000,4086403.0,489848.0000,11677895.0000,4953374.0000,177241.0000,,3480867.0000,285701.0000,191118.0000,7269830.0000,1876036.0,539567.0000,2403748.0,601436608.0,2420180224.0,477829312.0,170701472.0,695248.0000,528436960.0,494741536.0,199252704.0,1047070912.0,198392784.0,571102528.0,862234560.0,435256128.0,426448960.0,510597056.0,8018952.0,2137432.0,11643011.0,759770.0000,1590996.0,54720544.0000,1657814.0000,51387936.0,,15161701.0000,2473227.0000,3152634.0000,517287.0000,,465349.0000,2540889.0,1802537.0,614121.0000,433104.0000,115420472.0000,721051.0,2169798.0000,,26613904.0,9577056.0,95585.0000,919273.0000,209762.0000,2144827.0,1316361.0000,749850.0000,1245110.0000,,,309496.0000,752672.0,768715.0000
healthy,,116152432.0,161421.0000,3386763.0,729231.0000,,,944267.0000,615187.0,,10436815.0,2836682.0,1276879.0000,366969.0000,1476507648.0,,789845.0,184282560.0,4295684.0,24383004.0,7107607.0000,22614304.0,341551136.0,3817627.0000,1172982.0000,793151.0,75356712.0,922703.0000,164102912.0,,148300.0000,,38830044.0,39228072.0,38282000.0,2706352.0,4380418.0,17858010.0,102319.0000,,3356011.0,1150794.0,4361086.0,208667.0000,921438.0,287465.0000,,1054877.0000,255025.0000,923556928.0,13094591.0000,,813757248.0,49441836.0000,,436457.0000,3209131.0,2473011.0,235917872.0,,,2549905.0,,,1985847.0000,2709156.0,,465341.0,2403044.0000,,1692036.0,,1080475.0000,2110383.0000,10306256.0,4065989.0000,29005742.0,1667556.0000,3149732.0,,8951672.0000,,133903.0000,,1700550.0000,,5285297.0000,2523162.0000,758933.0,,8334470.0,438774432.0,2546770432.0,774703680.0,444844000.0,238117.0000,889227904.0,217216464.0,370195264.0,1218847872.0,124524160.0,603394752.0,1335977728.0,479868992.0,656574528.0,716527808.0,7305350.0,3782900.0,28404280.0,,1407179.0,43873544.0000,,56455076.0,288768.0000,17126174.0000,539012.0000,2134164.0000,,,,3634949.0,2017273.0,549448.0000,275604.0000,96495376.0000,238615.0,1375592.0000,,89414776.0,5340456.0,,,,7255723.0,2495832.0000,,,,,528229.0000,4216704.0,712300.0000
Ulcerative Colitis,,211274016.0,91863.0000,911553.0,1924819.0000,160633.0000,,303001.0000,607496.0,,8832114.0,7778615.0,2204079.0000,235930.0000,1475662976.0,,862947.0,174539392.0,3813088.0,2778929.0,509335712.0000,9969662.0,265448688.0,1876775.0000,677601.0000,1961926.0,82684400.0,481634.0000,178105136.0,,,133232.0000,34896944.0,431224832.0,54138664.0,3329874.0,3211782.0,23523936.0,147466.0000,,3689911.0,1166208.0,3291387.0,150654.0000,1913491.0,733438.0000,,1203970.0000,390206.0000,873766784.0,26213858.0000,,659360768.0,126728.0000,,289213.0000,4060816.0,599840.0,246303104.0,,,4772777.0,,,190156.0000,1931976.0,,550588.0,4739267.0000,455136.0000,1966927.0,368546.0000,338763.0000,2943992.0000,3787337.0,5524301.0000,32647720.0,1365091.0000,4095416.0,701238.0000,1204663.0000,,,,3116977.0000,,1122716.0000,184576960.0000,1564088.0,269565.0000,5767251.0,484899136.0,2393709568.0,631988608.0,296036896.0,285004.0000,941449024.0,213413888.0,276020736.0,1189053568.0,178963680.0,605347008.0,1560981888.0,383553600.0,600116608.0,592891072.0,14338259.0,3145613.0,7704445.0,639952.0000,1857638.0,61553240.0000,1366511.0000,33604512.0,,12594734.0000,1975316.0000,3885206.0000,249345.0000,,185141.0000,2057103.0,5799048.0,889126.0000,241568.0000,87561920.0000,746653.0,1072800.0000,,48634992.0,1848975.0,77325.0000,470909.0000,,4468328.0,2622943.0000,,,68834.0000,,76885.0000,3051111.0,1230419.0000
healthy,,348997248.0,46346.0000,6581166.0,3591277.0000,268081.0000,,827414.0000,617424.0,337186.0000,11489170.0,7260984.0,2461430.0000,1582078.0000,1184512640.0,511808.0000,729005.0,238323216.0,7985818.0,25628454.0,18811484.0000,7633300.0,350574272.0,15865885.0000,804390.0000,3095084.0,60001684.0,128654.0000,221572496.0,,1220629.0000,420568.0000,43768032.0,83461440.0,61300976.0,3196257.0,6069133.0,20162482.0,280695.0000,212506.0000,4355949.0,1315513.0,2875365.0,622959.0000,2459851.0,854008.0000,,1178965.0000,472074.0000,684361536.0,7654903.0000,,433738624.0,3585088.0000,,3705832.0000,3188438.0,3078988.0,302066432.0,,1199421.0000,3655627.0,,,1487338.0000,1786239.0,,1852310.0,11514646.0000,787849.0000,1400567.0,,,290748.0000,21374460.0,3320392.0000,20739976.0,247250.0000,215259440.0,453897.0000,11456566.0000,,50166.0000,,6208406.0000,240717.0000,9923894.0000,16014941.0000,2265120.0,622812.0000,1669580.0,589384384.0,2138701312.0,530398688.0,247988640.0,618131.0000,992346752.0,339851808.0,295521824.0,1040571200.0,147463824.0,687858112.0,1337446144.0,541920896.0,470605568.0,872294784.0,7667750.0,2824582.0,34961536.0,1020840.0000,1452082.0,57832164.0000,1730602.0000,62258288.0,352611.0000,11468829.0000,2118249.0000,3133502.0000,804009.0000,,282064.0000,1906479.0,5806067.0,493163.0000,1217983.0000,147833968.0000,944197.0,2210933.0000,,42821116.0,19440844.0,,1175668.0000,169803.0000,590150.0,5791154.0000,449509.0000,427750.0000,,,,704147.0,920367.0000
healthy,,338861632.0,115687.0000,1655038.0,2867651.0000,,1318024.0000,703888.0000,633495.0,509534.0000,10653114.0,3600188.0,1343887.0000,278684.0000,1672540288.0,216083.0000,759558.0,198885888.0,2843718.0,39188360.0,20896388.0000,21325168.0,203873840.0,3490903.0000,960121.0000,1028837.0,50768120.0,173078.0000,133485928.0,,299558.0000,,25186160.0,234017232.0,30520912.0,1462892.0,4553511.0,12318493.0,127881.0000,,2989714.0,1168961.0,1208102.0,163411.0000,992949.0,,,1257822.0000,,740067520.0,3155740.0000,,376791136.0,18513054.0000,,1859092.0000,2331540.0,1383581.0,202291088.0,,237623.0000,1327806.0,,,2545084.0000,1206289.0,,719588.0,1313317.0000,293477.0000,1861502.0,,3699625.0000,1102434.0000,19637306.0,3252597.0000,14418509.0,965905.0000,10524493.0,330026.0000,411474.0000,,73298.0000,255061408.0000,4564952.0000,,5560816.0000,16502144.0000,511806.0,,4625059.0,463887904.0,1895445888.0,464734976.0,233046576.0,305082.0000,461256448.0,261488928.0,257611952.0,956191360.0,78387624.0,568849728.0,742048832.0,387630688.0,477028512.0,341706944.0,9356717.0,2482400.0,16226461.0,226499.0000,1075850.0,49424792.0000,980836.0000,45202708.0,557258.0000,9552217.0000,1456280.0000,1380777.0000,298636.0000,,128902.0000,3291146.0,2029805.0,332939.0000,300016.0000,,217712.0,1163466.0000,3029182.0000,61783232.0,10226235.0,,449059.0000,,4899851.0,1506600.0000,504250.0000,262627.0000,,,,2618456.0,406730.0000
healthy,,438117824.0,,1296156.0,2134055.0000,,,382028.0000,499515.0,67417.0000,15338253.0,5001787.0,2739311.0000,116639.0000,1997297792.0,484014.0000,829800.0,216026096.0,3673598.0,5343503.0,682653184.0000,5589623.0,289574368.0,1527460.0000,1270317.0000,1055308.0,56708000.0,,119373152.0,,1565573.0000,,54088016.0,57470148.0,71285896.0,2309253.0,4764588.0,14368941.0,104235.0000,476132.0000,5123600.0,843795.0,2016872.0,230319.0000,1372626.0,,,1105205.0000,569382.0000,849752128.0,4261794.0000,,445249536.0,9954266.0000,,3277964.0000,2551147.0,3133851.0,170957056.0,,138365.0000,2101393.0,,,3847851.0000,2059296.0,,513130.0,1474597.0000,414315.0000,1111953.0,242870.0000,1052852.0000,1498907.0000,7279636.0,7056385.0000,23815904.0,948005.0000,5600765.0,340251.0000,7566396.0000,,68408.0000,,2272244.0000,601079.0000,1039727.0000,149258016.0000,1770255.0,298193.0000,4612069.0,621495808.0,2405996800.0,788999424.0,389415296.0,171034.0000,762616704.0,299132192.0,370232384.0,1132817536.0,246832224.0,674261568.0,1109934464.0,392864768.0,602388800.0,678936000.0,3209386.0,4110890.0,26836528.0,272581.0000,1714558.0,13349107.0000,1875635.0000,49619388.0,84062.0000,,467400.0000,3315789.0000,444216.0000,,136405.0000,1837781.0,1112750.0,1382296.0000,799138.0000,137051840.0000,419817.0,981453.0000,,68390920.0,4216295.0,,315263.0000,,3844677.0,2194287.0000,407556.0000,306311.0000,153267.0000,,,3043826.0,329611.0000
Ulcerative Colitis,,241850448.0,305668.0000,5139717.0,2057564.0000,95095.0000,,1027121.0000,1630167.0,497408.0000,13275264.0,3198584.0,3229172.0000,846316.0000,1482567040.0,455724.0000,910893.0,172317696.0,6755221.0,38945048.0,163639456.0000,21426500.0,437056960.0,29385364.0000,1671718.0000,2190066.0,66529068.0,224512.0000,205076576.0,,926264.0000,163660.0000,4059364.0,98832928.0,80437280.0,2302309.0,5073702.0,28937482.0,207887.0000,132134.0000,5018049.0,931637.0,4228284.0,350343.0000,2067540.0,6389472.0000,,1359157.0000,930384.0000,910197824.0,25756236.0000,18041414.0000,607252544.0,1706972.0000,1376078.0000,620729.0000,3190397.0,2709565.0,286919296.0,81709.0000,314577.0000,5116893.0,,140571440.0000,1515658.0000,3030392.0,,351981.0,1440373.0000,738300.0000,2316049.0,625366.0000,,1794113.0000,4583195.0,8554501.0000,144716288.0,4917049.0000,27563116.0,1208103.0000,3022721.0000,997747.0000,149868.0000,,752343.0000,616505.0000,2357928.0000,11101274.0000,13201911.0,597524.0000,5436253.0,728756352.0,2553335040.0,691187648.0,340845600.0,293974.0000,749306112.0,259787616.0,375647424.0,1212682368.0,198422560.0,736090368.0,1161636736.0,491078560.0,565043136.0,726462656.0,5456663.0,3911660.0,15049512.0,658648.0000,1787503.0,49272520.0000,4976793.0000,83470296.0,328488.0000,33063728.0000,1245448.0000,4731484.0000,746155.0000,,244743.0000,2760651.0,3242469.0,669366.0000,3250472.0000,169149136.0000,661896.0,3109990.0000,,62063220.0,70874848.0,63117.0000,1003424.0000,,7212605.0,5062480.0000,591944.0000,,194569.0000,,166968.0000,5411496.0,1587566.0000
healthy,,593298880.0,56985.0000,3260765.0,1567010.0000,,,545321.0000,580323.0,140031.0000,13934997.0,5612663.0,1777633.0000,,1670192896.0,428211.0000,738293.0,127364256.0,5654824.0,10468213.0,17682782.0000,10991069.0,424126560.0,1813950.0000,,2337725.0,65770604.0,,154138672.0,,547074.0000,,61636916.0,171415808.0,54384292.0,3368135.0,3518070.0,23108920.0,169972.0000,,2660210.0,1149073.0,3451988.0,267787.0000,1288418.0,,,1025701.0000,,700887424.0,6091154.0000,,513174464.0,,110087.0000,2256819.0000,3548828.0,2848152.0,207842048.0,,,1566375.0,,,1811639.0000,1479909.0,,418417.0,4503661.0000,477928.0000,1162511.0,241180.0000,749805.0000,1876097.0000,12689410.0,6430582.0000,16069110.0,3379877.0000,29324808.0,624348.0000,7554768.0000,,,,5553584.0000,146783.0000,1401261.0000,2126355.0000,1650057.0,172036.0000,4041870.0,669830144.0,2621798400.0,672949696.0,312830432.0,127370.0000,1045252800.0,194012720.0,309937568.0,1111640832.0,201832096.0,653893632.0,1436186368.0,360205920.0,676409408.0,863951296.0,7649277.0,4996362.0,25566552.0,493543.0000,1791896.0,11429497.0000,1468137.0000,51182236.0,,,1235867.0000,4367918.0000,462330.0000,,185397.0000,3056948.0,6472944.0,748726.0000,717593.0000,91933008.0000,365007.0,1951416.0000,,48101604.0,4425967.0,,445583.0000,,6671681.0,3633944.0000,178084.0000,,92564.0000,,818992.0000,3717417.0,598052.0000
Ulcerative Colitis,,248806320.0,103234.0000,1599961.0,1698737.0000,121129.0000,,1404025.0000,1509188.0,328331.0000,8608954.0,2541087.0,1698540.0000,338586.0000,1573955456.0,696923.0000,673412.0,96146976.0,5522474.0,25671538.0,395398080.0000,12781439.0,363033216.0,4132585.0000,1316252.0000,1518910.0,63162584.0,1313493.0000,136492832.0,,283295.0000,259611.0000,55407604.0,216984960.0,53182492.0,2141005.0,3925215.0,37852536.0,337767.0000,1627654.0000,4611615.0,1091700.0,2923294.0,756570.0000,2467296.0,705073.0000,,1943354.0000,864954.0000,636691968.0,22041254.0000,,765160512.0,,45609.0000,908917.0000,3812661.0,784535.0,264244544.0,,243248.0000,2603915.0,,,1287087.0000,2114215.0,,662921.0,2817703.0000,640154.0000,1764986.0,306079.0000,,1989252.0000,5193826.0,3118890.0000,20494596.0,1434710.0000,69071728.0,525689.0000,9620635.0000,,159106.0000,,2658561.0000,,,32692328.0000,3202799.0,337537.0000,6053904.0,710517952.0,1877813120.0,483092800.0,227206080.0,303493.0000,611778880.0,239934016.0,234692672.0,846182848.0,180308240.0,492141408.0,852337664.0,267354640.0,506956960.0,624907008.0,10020352.0,3258272.0,24227140.0,951466.0000,1573473.0,37454556.0000,990412.0000,44907492.0,,19192556.0000,2484398.0000,2247283.0000,433378.0000,,598665.0000,2405280.0,6151206.0,759019.0000,516840.0000,155530592.0000,1000803.0,2838860.0000,,41079992.0,6599863.0,,987659.0000,,4409317.0,3418500.0000,378019.0000,,588890.0000,,373630.0000,5978897.0,734175.0000
healthy,,86557184.0,79318.0000,2270632.0,2158845.0000,,,412890.0000,560412.0,,11343115.0,1768158.0,2035063.0000,,1517556608.0,415247.0000,766419.0,147004064.0,3947624.0,7227501.0,478098304.0000,9942290.0,394842656.0,4398488.0000,1309709.0000,1663774.0,53055840.0,1655828.0000,118247376.0,,671682.0000,88145.0000,60598348.0,146557584.0,45685944.0,2224516.0,3549064.0,23367746.0,127501.0000,,3472405.0,1347575.0,2130491.0,322198.0000,1330815.0,,,1905170.0000,610522.0000,520205376.0,18639816.0000,,629708288.0,29011812.0000,,750986.0000,2829255.0,1521271.0,279068352.0,,,2701875.0,,,13872186.0000,1909132.0,,405470.0,4506956.0000,333296.0000,2020249.0,,,2721502.0000,9104543.0,5382714.0000,17493538.0,10960183.0000,49843344.0,,1824668.0000,,,,1099447.0000,90212.0000,2543364.0000,36866052.0000,16776026.0,,6321913.0,593083776.0,1985303936.0,509084288.0,285656448.0,167533.0000,686034048.0,202207232.0,283029440.0,1012641600.0,219047424.0,534898720.0,949772032.0,330210880.0,575236736.0,587150016.0,6979692.0,3386587.0,22211144.0,507115.0000,1194228.0,27700936.0000,1564683.0000,48283408.0,,7267669.0000,735412.0000,3130614.0000,388671.0000,,,2280838.0,5699614.0,704300.0000,335455.0000,,367331.0,1820032.0000,,36274416.0,6936107.0,,426565.0000,,5660104.0,5563040.0000,627025.0000,,235347.0000,,344657.0000,2212082.0,588148.0000
Ulcerative Colitis,135334.0000,305393792.0,98976.0000,2489007.0,3708332.0000,85746.0000,7174008.0000,948972.0000,623113.0,608228.0000,12949029.0,2591852.0,1226708.0000,779539.0000,1191274880.0,283321.0000,564631.0,182314352.0,5192826.0,25981516.0,5087310.0000,17346708.0,330961376.0,5993371.0000,746607.0000,2634978.0,46876344.0,1121779.0000,164749680.0,,989322.0000,125831.0000,21904236.0,115168176.0,50427336.0,1655122.0,2636406.0,20060966.0,125090.0000,257327.0000,4050223.0,617788.0,1675430.0,508945.0000,2119241.0,,,2645548.0000,314890.0000,543680704.0,3556054.0000,,463040768.0,,195443.0000,718913.0000,2686711.0,776989.0,263043376.0,,409717.0000,3950958.0,,,3487810.0000,1203571.0,166710352.0000,709261.0,516025.0000,992142.0000,2613743.0,275367.0000,,1425081.0000,8405096.0,9770015.0000,17731780.0,734669.0000,12459517.0,744408.0000,629270.0000,,103194.0000,,2813677.0000,,192071.0000,1134824.0000,2599804.0,,4291653.0,541002816.0,1704665856.0,440037280.0,211065280.0,363228.0000,472220448.0,398254464.0,168847216.0,811442304.0,171942656.0,448239264.0,842534336.0,209336064.0,414170144.0,507066848.0,11248268.0,1952637.0,8943859.0,1011092.0000,1712521.0,35979380.0000,2217131.0000,121250128.0,,20246518.0000,2694764.0000,4198370.0000,585831.0000,,1568707.0000,1487006.0,8597172.0,465694.0000,399720.0000,114472488.0000,1628940.0,1864729.0000,24000316.0000,30809138.0,16881640.0,174928.0000,843721.0000,,3597554.0,2879629.0000,395022.0000,99109.0000,186981.0000,116762.0000,,2339865.0,533960.0000
Ulcerative Colitis,,292093184.0,92056.0000,505258.0,7197049.0000,61446.0000,,500345.0000,556328.0,79959.0000,13882946.0,3612787.0,1543733.0000,,1465993216.0,420225.0000,829454.0,161377760.0,3347389.0,7596676.0,,9948246.0,260251808.0,20019862.0000,931014.0000,1304562.0,52365836.0,1472669.0000,114556712.0,,182990.0000,,41745448.0,223212288.0,23691228.0,2931336.0,3605045.0,14188123.0,124953.0000,,4816511.0,1054028.0,3769276.0,264396.0000,1672735.0,263577.0000,,1005052.0000,479635.0000,423179360.0,10722327.0000,,511789760.0,1305154.0000,,166022.0000,2724967.0,9123110.0,221285472.0,,1946502.0000,3939946.0,,,1290291.0000,1167665.0,,397846.0,29611434.0000,348409.0000,1264227.0,88152.0000,,1250738.0000,3675974.0,2433689.0000,25471168.0,2756423.0000,96320272.0,556631.0000,1865017.0000,,,,851818.0000,,4789881.0000,1995393.0000,804708.0,150638.0000,2599375.0,564261440.0,1975726976.0,526722496.0,262319744.0,6886050.0000,675265728.0,281173824.0,276307008.0,943540032.0,219532320.0,513249088.0,962205696.0,437204768.0,566937664.0,511702240.0,8054039.0,2655362.0,21729654.0,271701.0000,1605773.0,22969492.0000,1312779.0000,42124536.0,333220.0000,,749115.0000,3659209.0000,373137.0000,,1091949.0000,1314570.0,9752468.0,572361.0000,382646.0000,82741536.0000,852097.0,1084105.0000,,26812544.0,3611888.0,,393495.0000,1177421.0000,2609429.0,15243871.0000,393359.0000,,93324.0000,,298337.0000,2713650.0,1388409.0000
Ulcerative Colitis,,136932864.0,215061.0000,1078542.0,2412872.0000,68694.0000,,470029.0000,724344.0,186834.0000,7771340.0,12322167.0,2333037.0000,547948.0000,1271420672.0,682614.0000,560097.0,94661520.0,5482083.0,38834880.0,282799392.0000,13478055.0,309405504.0,7779568.0000,445492.0000,2788754.0,55294232.0,1420444.0000,107980104.0,,,101618.0000,28780968.0,174981792.0,57164200.0,1359097.0,2980268.0,23136418.0,55942.0000,209670.0000,5073875.0,1649433.0,804805.0,769313.0000,2181295.0,343089.0000,,1369640.0000,530015.0000,644294080.0,39957736.0000,19782052.0000,605006336.0,,,558529.0000,3321387.0,93250.0,212197872.0,,80985.0000,2601407.0,,124474496.0000,,1179713.0,,265877.0,2253469.0000,593193.0000,3128983.0,333662.0000,,1681197.0000,5608228.0,5525343.0000,28929962.0,2229947.0000,4013703.0,449580.0000,6120912.0000,,255181.0000,,2169682.0000,,2417816.0000,29083674.0000,3496749.0,,5713243.0,654125184.0,1941783680.0,426406816.0,272451296.0,565582.0000,427021920.0,204357696.0,184330208.0,712542208.0,169322896.0,478646784.0,661268160.0,326359648.0,413541280.0,502222400.0,3180800.0,1829800.0,25958398.0,1149435.0000,1490341.0,61765792.0000,1250061.0000,50715296.0,,13405738.0000,1759993.0000,2670368.0000,607247.0000,,768143.0000,1986211.0,5382494.0,609372.0000,242670.0000,153749952.0000,1262387.0,4654957.0000,,21394624.0,4265105.0,,1092941.0000,,5079707.0,4504139.0000,581830.0000,,499526.0000,,171850.0000,4314071.0,660246.0000
